{"nextId":121,"logins":[{"id":91,"hostname":"https://studiolab.sagemaker.aws","httpRealm":null,"formSubmitURL":"https://studiolab.sagemaker.aws","usernameField":"username","passwordField":"password","encryptedUsername":"MFIEEPgAAAAAAAAAAAAAAAAAAAEwFAYIKoZIhvcNAwcECKuVifvm/oN7BCjJo06EqG+359+wnCUGJVM3py9q/xudpRc8sfCDg30irEnq4e5qfXyi","encryptedPassword":"MDoEEPgAAAAAAAAAAAAAAAAAAAEwFAYIKoZIhvcNAwcECDMc0dN3ndM2BBDiko76W9PEkNQOG9DuyDeS","guid":"{a0d10a87-e0ea-45a3-bfad-9c27748d78e9}","encType":1,"timeCreated":1734105484375,"timeLastUsed":1734105484375,"timePasswordChanged":1734105484375,"timesUsed":1,"syncCounter":1,"everSynced":false,"encryptedUnknownFields":"MDIEEPgAAAAAAAAAAAAAAAAAAAEwFAYIKoZIhvcNAwcECJ0vcPglnHL6BAh/Ava49jDA+Q=="},{"id":92,"hostname":"https://studiolab.sagemaker.aws","httpRealm":null,"formSubmitURL":"https://studiolab.sagemaker.aws","usernameField":"username","passwordField":"password","encryptedUsername":"MFIEEPgAAAAAAAAAAAAAAAAAAAEwFAYIKoZIhvcNAwcECEV0p9sK9J5VBCilD/0t94AdVxKii1QNrU7Bzhih8snOqi7/eC6rJe+oYOQG2Euor0+K","encryptedPassword":"MDoEEPgAAAAAAAAAAAAAAAAAAAEwFAYIKoZIhvcNAwcECOp8LlDT5NFKBBAT5+vO4i319iItgMr/0llS","guid":"{3d4a6842-d5b8-4221-ace4-a1b57da19397}","encType":1,"timeCreated":1734106441041,"timeLastUsed":1734106441041,"timePasswordChanged":1734106441041,"timesUsed":1,"syncCounter":1,"everSynced":false,"encryptedUnknownFields":"MDIEEPgAAAAAAAAAAAAAAAAAAAEwFAYIKoZIhvcNAwcECKtCwwtp5PlLBAjPDEgwULaUwQ=="},{"id":93,"hostname":"https://studiolab.sagemaker.aws","httpRealm":null,"formSubmitURL":"https://studiolab.sagemaker.aws","usernameField":"username","passwordField":"password","encryptedUsername":"MFIEEPgAAAAAAAAAAAAAAAAAAAEwFAYIKoZIhvcNAwcECPwM4MfBIEV5BCgwPRWDW4aaUkMp/fXhsbEE7NxVp43E06+vEE2GUaCLs1dbkOZ664t9","encryptedPassword":"MDoEEPgAAAAAAAAAAAAAAAAAAAEwFAYIKoZIhvcNAwcECHgwHPelCKFeBBDEvd5QyPA9Tf9s57EqxUUW","guid":"{7bb6c77b-3a19-4db6-a647-bae4af6664eb}","encType":1,"timeCreated":1734106469013,"timeLastUsed":1734106469013,"timePasswordChanged":1734106469013,"timesUsed":1,"syncCounter":1,"everSynced":false,"encryptedUnknownFields":"MDIEEPgAAAAAAAAAAAAAAAAAAAEwFAYIKoZIhvcNAwcECKE1djLyhJi2BAjVouL87mRa6A=="},{"id":94,"hostname":"https://studiolab.sagemaker.aws","httpRealm":null,"formSubmitURL":"https://studiolab.sagemaker.aws","usernameField":"username","passwordField":"password","encryptedUsername":"MFIEEPgAAAAAAAAAAAAAAAAAAAEwFAYIKoZIhvcNAwcECBp2BTwlZeCvBCiidFKbyEtvx6PSfB9fcuAsVQZDEt2G+MBXeGej2FXK7TGqSGZWSIam","encryptedPassword":"MDoEEPgAAAAAAAAAAAAAAAAAAAEwFAYIKoZIhvcNAwcECN6xQfhKQ7cCBBCb++8XTUHPLtjRWKC0hMgE","guid":"{615a5da3-dc2c-485e-85b7-a396714ae62b}","encType":1,"timeCreated":1734106545590,"timeLastUsed":1734106545590,"timePasswordChanged":1734106545590,"timesUsed":1,"syncCounter":1,"everSynced":false,"encryptedUnknownFields":"MDIEEPgAAAAAAAAAAAAAAAAAAAEwFAYIKoZIhvcNAwcECJGZxq/4cNU9BAgg3zg2R6A/gw=="},{"id":95,"hostname":"https://studiolab.sagemaker.aws","httpRealm":null,"formSubmitURL":"https://studiolab.sagemaker.aws","usernameField":"username","passwordField":"password","encryptedUsername":"MEoEEPgAAAAAAAAAAAAAAAAAAAEwFAYIKoZIhvcNAwcECFHuHm0Rt2IWBCDpa2E++UcXphC4HiCNb6XtUZEKJGT8dQGf0Nuyxw+hmw==","encryptedPassword":"MDoEEPgAAAAAAAAAAAAAAAAAAAEwFAYIKoZIhvcNAwcECOytEdr7bxU0BBCNtTLRRS/HXY/HjzaE/3TW","guid":"{14506ff5-3daf-4372-861c-60607b94bfc2}","encType":1,"timeCreated":1734106612335,"timeLastUsed":1734106612335,"timePasswordChanged":1734106612335,"timesUsed":1,"syncCounter":1,"everSynced":false,"encryptedUnknownFields":"MDIEEPgAAAAAAAAAAAAAAAAAAAEwFAYIKoZIhvcNAwcECE39GxIyj140BAh4Rg0DhswUtA=="},{"id":96,"hostname":"https://studiolab.sagemaker.aws","httpRealm":null,"formSubmitURL":"https://studiolab.sagemaker.aws","usernameField":"username","passwordField":"password","encryptedUsername":"MFIEEPgAAAAAAAAAAAAAAAAAAAEwFAYIKoZIhvcNAwcECD37hC2S37GfBChTPn5344ZUQKO6s8HHrszZkLCc/449eMuKf/+Tb2VoYJFhPWCWL/Km","encryptedPassword":"MDoEEPgAAAAAAAAAAAAAAAAAAAEwFAYIKoZIhvcNAwcECJaxI4oLVMXeBBAOK+MKPN7xwJhPRT2j3m6I","guid":"{1bc163bb-b209-4d66-bca5-3e1211f4129d}","encType":1,"timeCreated":1734106642803,"timeLastUsed":1734106642803,"timePasswordChanged":1734106642803,"timesUsed":1,"syncCounter":1,"everSynced":false,"encryptedUnknownFields":"MDIEEPgAAAAAAAAAAAAAAAAAAAEwFAYIKoZIhvcNAwcECIkaBnVKU+PLBAiNd6VOXMo6lA=="},{"id":97,"hostname":"https://studiolab.sagemaker.aws","httpRealm":null,"formSubmitURL":"https://studiolab.sagemaker.aws","usernameField":"username","passwordField":"password","encryptedUsername":"MFIEEPgAAAAAAAAAAAAAAAAAAAEwFAYIKoZIhvcNAwcECA1n2AXeTcF1BCgO9uvG+0JyO8pPI27kICqjK1+x5WVXtk8MXM/YCE4+/e+nRo33VNZE","encryptedPassword":"MDoEEPgAAAAAAAAAAAAAAAAAAAEwFAYIKoZIhvcNAwcECLtjhQF8XtAzBBC1tadA5+rECXuvpcxrLUjl","guid":"{cd797271-8c78-4f53-af06-89a69c45f4c0}","encType":1,"timeCreated":1734106671176,"timeLastUsed":1734106671176,"timePasswordChanged":1734106671176,"timesUsed":1,"syncCounter":1,"everSynced":false,"encryptedUnknownFields":"MDIEEPgAAAAAAAAAAAAAAAAAAAEwFAYIKoZIhvcNAwcECHlD5vni2iljBAjVnlBH/x8KHQ=="},{"id":98,"hostname":"https://studiolab.sagemaker.aws","httpRealm":null,"formSubmitURL":"https://studiolab.sagemaker.aws","usernameField":"username","passwordField":"password","encryptedUsername":"MFIEEPgAAAAAAAAAAAAAAAAAAAEwFAYIKoZIhvcNAwcECPg3qIixUXNnBCh/5KaHeOW923dpdDwKAmX5xdBm3sPG8RCvB9ejAghO6rUocBuBvcNi","encryptedPassword":"MDoEEPgAAAAAAAAAAAAAAAAAAAEwFAYIKoZIhvcNAwcECAEqOVKjjL4iBBABlHDDJKfOss+FTLu3UXcm","guid":"{864ac641-5c5d-4783-993c-afd7c2efd352}","encType":1,"timeCreated":1734106719647,"timeLastUsed":1734106719647,"timePasswordChanged":1734106719647,"timesUsed":1,"syncCounter":1,"everSynced":false,"encryptedUnknownFields":"MDIEEPgAAAAAAAAAAAAAAAAAAAEwFAYIKoZIhvcNAwcECNNGh79lQ8EgBAhnRrs6AVR6FA=="},{"id":99,"hostname":"https://studiolab.sagemaker.aws","httpRealm":null,"formSubmitURL":"https://studiolab.sagemaker.aws","usernameField":"username","passwordField":"password","encryptedUsername":"MEoEEPgAAAAAAAAAAAAAAAAAAAEwFAYIKoZIhvcNAwcECJrsAsXilMkdBCAb8HWrpOscijB+iTG09m/bsE5qYzA8EfDRonyB3GQPpg==","encryptedPassword":"MDoEEPgAAAAAAAAAAAAAAAAAAAEwFAYIKoZIhvcNAwcECGfnj1x3k/MDBBAobGNnIPXMP6g7YUCHUhuN","guid":"{8db0e59a-9492-4c85-bb8f-d624ede5068c}","encType":1,"timeCreated":1734106762519,"timeLastUsed":1734106762519,"timePasswordChanged":1734106762519,"timesUsed":1,"syncCounter":1,"everSynced":false,"encryptedUnknownFields":"MDIEEPgAAAAAAAAAAAAAAAAAAAEwFAYIKoZIhvcNAwcECIa/oQwfQmOmBAg/m54ckaHabw=="},{"id":100,"hostname":"https://studiolab.sagemaker.aws","httpRealm":null,"formSubmitURL":"https://studiolab.sagemaker.aws","usernameField":"username","passwordField":"password","encryptedUsername":"MFIEEPgAAAAAAAAAAAAAAAAAAAEwFAYIKoZIhvcNAwcECKNiCc5zzKyMBCjllV0jwWTHuo2YWfSViEyJ83QisWa/EkoVfHinQwAGWU0ScRwiJr8P","encryptedPassword":"MDoEEPgAAAAAAAAAAAAAAAAAAAEwFAYIKoZIhvcNAwcECKtZO4XoUZBrBBB8u/G2ET5aSeTbEmbt+KKg","guid":"{12118bef-fd43-4bdc-b18a-7fcedb2bd9e5}","encType":1,"timeCreated":1734106787393,"timeLastUsed":1734106787393,"timePasswordChanged":1734106787393,"timesUsed":1,"syncCounter":1,"everSynced":false,"encryptedUnknownFields":"MDIEEPgAAAAAAAAAAAAAAAAAAAEwFAYIKoZIhvcNAwcECIL2G+DtDd00BAiIKiLC+0bS7A=="},{"id":101,"hostname":"https://studiolab.sagemaker.aws","httpRealm":null,"formSubmitURL":"https://studiolab.sagemaker.aws","usernameField":"username","passwordField":"password","encryptedUsername":"MEoEEPgAAAAAAAAAAAAAAAAAAAEwFAYIKoZIhvcNAwcECOim8rRfS7VABCD5OXfYrnETRdnTVV/80RJL8Dg+ieY6GoPY701DpLnMtw==","encryptedPassword":"MDoEEPgAAAAAAAAAAAAAAAAAAAEwFAYIKoZIhvcNAwcECIeybfJO48kmBBAoJoi2l+kxyFp5PMqCFEft","guid":"{d7f8748d-6d33-4d80-af63-93b50ce6a856}","encType":1,"timeCreated":1734106821525,"timeLastUsed":1734106821525,"timePasswordChanged":1734106821525,"timesUsed":1,"syncCounter":1,"everSynced":false,"encryptedUnknownFields":"MDIEEPgAAAAAAAAAAAAAAAAAAAEwFAYIKoZIhvcNAwcECDmmwB065tUvBAh16EH9V2aYnA=="},{"id":102,"hostname":"https://studiolab.sagemaker.aws","httpRealm":null,"formSubmitURL":"https://studiolab.sagemaker.aws","usernameField":"username","passwordField":"password","encryptedUsername":"MFIEEPgAAAAAAAAAAAAAAAAAAAEwFAYIKoZIhvcNAwcECJ0rD7ODmTzvBCjNHounobyOumsz0j7wI+lk5VFaI/64j/5l9Hwf5xCp36VwTUwsDlj8","encryptedPassword":"MDoEEPgAAAAAAAAAAAAAAAAAAAEwFAYIKoZIhvcNAwcECPPNMm0oXHlGBBCDoeC1kZ+FkorT9XN02phZ","guid":"{038ffc11-df6c-476d-8f4d-86a374bf0a64}","encType":1,"timeCreated":1734106888578,"timeLastUsed":1734106888578,"timePasswordChanged":1734106888578,"timesUsed":1,"syncCounter":1,"everSynced":false,"encryptedUnknownFields":"MDIEEPgAAAAAAAAAAAAAAAAAAAEwFAYIKoZIhvcNAwcECDr1tRlUwUdKBAgkMAbo/1veyw=="},{"id":103,"hostname":"https://studiolab.sagemaker.aws","httpRealm":null,"formSubmitURL":"https://studiolab.sagemaker.aws","usernameField":"username","passwordField":"password","encryptedUsername":"MEoEEPgAAAAAAAAAAAAAAAAAAAEwFAYIKoZIhvcNAwcECH/cytwiXUI2BCBtvR/o15ol2F+p/LcEq5aPdbhy6/PG1ELZmz2SqZJPEA==","encryptedPassword":"MDoEEPgAAAAAAAAAAAAAAAAAAAEwFAYIKoZIhvcNAwcECFqfA5XaF1fmBBAvbcx2NwidullQj7R4N4Sc","guid":"{d5ea1b46-1f9d-494f-8e02-6f820854fbd2}","encType":1,"timeCreated":1734106950509,"timeLastUsed":1734106950509,"timePasswordChanged":1734106950509,"timesUsed":1,"syncCounter":1,"everSynced":false,"encryptedUnknownFields":"MDIEEPgAAAAAAAAAAAAAAAAAAAEwFAYIKoZIhvcNAwcECC4Z/sN1ah1dBAiZDBZWrYCuSQ=="},{"id":104,"hostname":"https://studiolab.sagemaker.aws","httpRealm":null,"formSubmitURL":"https://studiolab.sagemaker.aws","usernameField":"username","passwordField":"password","encryptedUsername":"MFIEEPgAAAAAAAAAAAAAAAAAAAEwFAYIKoZIhvcNAwcECOu6+QT9S/X0BCgQJ+0gGdnXQY4u6HpMZ345a4OtF+F6ykLuc3lbNOQRocT/IkIN4oMQ","encryptedPassword":"MDoEEPgAAAAAAAAAAAAAAAAAAAEwFAYIKoZIhvcNAwcECJ3w5HtODdbVBBAk4m2cqOC6G8yvgG/QpNsK","guid":"{98073607-f839-4a1f-bc0f-12d2eeb55355}","encType":1,"timeCreated":1734106981284,"timeLastUsed":1734106981284,"timePasswordChanged":1734106981284,"timesUsed":1,"syncCounter":1,"everSynced":false,"encryptedUnknownFields":"MDIEEPgAAAAAAAAAAAAAAAAAAAEwFAYIKoZIhvcNAwcECDUadIojnKuGBAiA35qWRG+EEg=="},{"id":105,"hostname":"https://studiolab.sagemaker.aws","httpRealm":null,"formSubmitURL":"https://studiolab.sagemaker.aws","usernameField":"username","passwordField":"password","encryptedUsername":"MFIEEPgAAAAAAAAAAAAAAAAAAAEwFAYIKoZIhvcNAwcECN+O6hcRKqb6BCjNBD6k8dFBaz/7i2s2rmScRNFG6VvQrXD1zSYEyZns7FFVfrg8iS0z","encryptedPassword":"MDoEEPgAAAAAAAAAAAAAAAAAAAEwFAYIKoZIhvcNAwcECOSUX4vweN0MBBCH9L8pUgKkekbdHdeIJXSh","guid":"{ebbb59d5-eab9-4c1f-834c-4f706c7ff9d7}","encType":1,"timeCreated":1734107027268,"timeLastUsed":1734107027268,"timePasswordChanged":1734107027268,"timesUsed":1,"syncCounter":1,"everSynced":false,"encryptedUnknownFields":"MDIEEPgAAAAAAAAAAAAAAAAAAAEwFAYIKoZIhvcNAwcECGmnamzvm0sFBAjVifnjA5b0RQ=="},{"id":106,"hostname":"https://studiolab.sagemaker.aws","httpRealm":null,"formSubmitURL":"https://studiolab.sagemaker.aws","usernameField":"username","passwordField":"password","encryptedUsername":"MFIEEPgAAAAAAAAAAAAAAAAAAAEwFAYIKoZIhvcNAwcECF5nUJ7APmLdBCimfRcRSsFoDMjyf2s1833eqVzdZm/1salmxjKWW2RyVdUfWuKeA0Ho","encryptedPassword":"MDoEEPgAAAAAAAAAAAAAAAAAAAEwFAYIKoZIhvcNAwcECEeF5aPe4i3XBBCexu0bXX4g83ohEALYXFrG","guid":"{9d600d08-6ad9-4546-8806-69d801eb7495}","encType":1,"timeCreated":1734107061585,"timeLastUsed":1734107061585,"timePasswordChanged":1734107061585,"timesUsed":1,"syncCounter":1,"everSynced":false,"encryptedUnknownFields":"MDIEEPgAAAAAAAAAAAAAAAAAAAEwFAYIKoZIhvcNAwcECJ/jk61bx2eVBAjyyNVva2wX+g=="},{"id":107,"hostname":"https://studiolab.sagemaker.aws","httpRealm":null,"formSubmitURL":"https://studiolab.sagemaker.aws","usernameField":"username","passwordField":"password","encryptedUsername":"MEoEEPgAAAAAAAAAAAAAAAAAAAEwFAYIKoZIhvcNAwcECD4ahIidt8t2BCDNE5GHXqpVaV/Jzmagl0ATVKL6zipMXVUYPWv0igM+Gg==","encryptedPassword":"MDoEEPgAAAAAAAAAAAAAAAAAAAEwFAYIKoZIhvcNAwcECG3XU2aoX2TGBBA4YAcxYrwjamDPyxcX28NA","guid":"{65a901d7-18ac-4b7c-b4ca-903ff169e25e}","encType":1,"timeCreated":1734107148573,"timeLastUsed":1734107148573,"timePasswordChanged":1734107148573,"timesUsed":1,"syncCounter":1,"everSynced":false,"encryptedUnknownFields":"MDIEEPgAAAAAAAAAAAAAAAAAAAEwFAYIKoZIhvcNAwcECFpNSWA/NTNwBAj5nlAT/RgdUw=="},{"id":108,"hostname":"https://studiolab.sagemaker.aws","httpRealm":null,"formSubmitURL":"https://studiolab.sagemaker.aws","usernameField":"username","passwordField":"password","encryptedUsername":"MEoEEPgAAAAAAAAAAAAAAAAAAAEwFAYIKoZIhvcNAwcECFj+KtY4XrVqBCA15zE+2zcCguLq8B2pQ/RSlckpvpULPXimq6NjnjWgZA==","encryptedPassword":"MDoEEPgAAAAAAAAAAAAAAAAAAAEwFAYIKoZIhvcNAwcECN/F6sxTauc9BBBZz7Xua4viU0GssVuWdeRv","guid":"{de7b5866-ca11-44e5-b76d-7135c8584eda}","encType":1,"timeCreated":1734107173363,"timeLastUsed":1734107173363,"timePasswordChanged":1734107173363,"timesUsed":1,"syncCounter":1,"everSynced":false,"encryptedUnknownFields":"MDIEEPgAAAAAAAAAAAAAAAAAAAEwFAYIKoZIhvcNAwcECI7WCaHQtHQRBAgwDh2m3XLdAQ=="},{"id":109,"hostname":"https://studiolab.sagemaker.aws","httpRealm":null,"formSubmitURL":"https://studiolab.sagemaker.aws","usernameField":"username","passwordField":"password","encryptedUsername":"MEoEEPgAAAAAAAAAAAAAAAAAAAEwFAYIKoZIhvcNAwcECFwsNd3HwWgjBCC3nEujtE2vAmuJmqIqkUmeaw5lwAMZpI6njEc/WUhyZg==","encryptedPassword":"MDoEEPgAAAAAAAAAAAAAAAAAAAEwFAYIKoZIhvcNAwcECFwZkMBwPaa+BBBl4upDNbh08fv8jIAnB+Rx","guid":"{fd32ac0c-49e0-4087-ab8d-1da2220208a9}","encType":1,"timeCreated":1734107210752,"timeLastUsed":1734107210752,"timePasswordChanged":1734107210752,"timesUsed":1,"syncCounter":1,"everSynced":false,"encryptedUnknownFields":"MDIEEPgAAAAAAAAAAAAAAAAAAAEwFAYIKoZIhvcNAwcECNGbjQo/coH2BAgLXQGqAb9ILQ=="},{"id":110,"hostname":"https://studiolab.sagemaker.aws","httpRealm":null,"formSubmitURL":"https://studiolab.sagemaker.aws","usernameField":"username","passwordField":"password","encryptedUsername":"MFIEEPgAAAAAAAAAAAAAAAAAAAEwFAYIKoZIhvcNAwcECK4nTUrMqyhGBCiv3ahWzCyhD6rgRl/eJYOxgi7RPWDi8eOQDbajRhfldtvI4eIcaXEF","encryptedPassword":"MDoEEPgAAAAAAAAAAAAAAAAAAAEwFAYIKoZIhvcNAwcECFvJ+TdAzptCBBAPgBzv6w/MtTTqXxu8Ggdn","guid":"{a0be139a-cfbc-4b01-919d-5af79a36ac9a}","encType":1,"timeCreated":1734107243774,"timeLastUsed":1734107243774,"timePasswordChanged":1734107243774,"timesUsed":1,"syncCounter":1,"everSynced":false,"encryptedUnknownFields":"MDIEEPgAAAAAAAAAAAAAAAAAAAEwFAYIKoZIhvcNAwcECII+qDCvpUmUBAhU6v0xgGdqIg=="},{"id":111,"hostname":"https://studiolab.sagemaker.aws","httpRealm":null,"formSubmitURL":"https://studiolab.sagemaker.aws","usernameField":"username","passwordField":"password","encryptedUsername":"MEoEEPgAAAAAAAAAAAAAAAAAAAEwFAYIKoZIhvcNAwcECMQOwDbWRAngBCDV93D5R2LQr8eLdx8Qyz0VZgjS02Yb9GHGrdBlnB97kQ==","encryptedPassword":"MDoEEPgAAAAAAAAAAAAAAAAAAAEwFAYIKoZIhvcNAwcECMFznj851fY3BBBX4barYOC9eouvG8mEJNwG","guid":"{646c3528-f1f4-4f0c-9e49-abc9c951206b}","encType":1,"timeCreated":1734107315819,"timeLastUsed":1734107315819,"timePasswordChanged":1734107315819,"timesUsed":1,"syncCounter":1,"everSynced":false,"encryptedUnknownFields":"MDIEEPgAAAAAAAAAAAAAAAAAAAEwFAYIKoZIhvcNAwcECFQRWvcQI/RyBAgs/TpEVYHSnA=="},{"id":112,"hostname":"https://studiolab.sagemaker.aws","httpRealm":null,"formSubmitURL":"https://studiolab.sagemaker.aws","usernameField":"username","passwordField":"password","encryptedUsername":"MEoEEPgAAAAAAAAAAAAAAAAAAAEwFAYIKoZIhvcNAwcECFz1GXQgfjv9BCCi0dlOcRa70cr7b48qe/PlPL0yRfFReqnBVks5g0H0Rw==","encryptedPassword":"MDoEEPgAAAAAAAAAAAAAAAAAAAEwFAYIKoZIhvcNAwcECDVS+xvrZWh1BBA4UzJJ7qptrDA77Ts6WbGd","guid":"{e686dde9-42f3-4d66-984d-e1fde9f8f046}","encType":1,"timeCreated":1734107381672,"timeLastUsed":1734107381672,"timePasswordChanged":1734107381672,"timesUsed":1,"syncCounter":1,"everSynced":false,"encryptedUnknownFields":"MDIEEPgAAAAAAAAAAAAAAAAAAAEwFAYIKoZIhvcNAwcECKYARKZvoD2WBAiFTnPZM0V3ew=="},{"id":113,"hostname":"https://studiolab.sagemaker.aws","httpRealm":null,"formSubmitURL":"https://studiolab.sagemaker.aws","usernameField":"username","passwordField":"password","encryptedUsername":"MFIEEPgAAAAAAAAAAAAAAAAAAAEwFAYIKoZIhvcNAwcECBTonx4plv/dBCi3c2rjlJvHlJZOZ/TWVFUC95lt5ushc/dEHYNqgEHWbGWJmNNHmt5o","encryptedPassword":"MDoEEPgAAAAAAAAAAAAAAAAAAAEwFAYIKoZIhvcNAwcECOMS6+3nTcU7BBC+B7/PP0PqMpATosl3VljY","guid":"{81dc7a8f-7089-4a39-8f19-3f778bb83238}","encType":1,"timeCreated":1734107465718,"timeLastUsed":1734107465718,"timePasswordChanged":1734107465718,"timesUsed":1,"syncCounter":1,"everSynced":false,"encryptedUnknownFields":"MDIEEPgAAAAAAAAAAAAAAAAAAAEwFAYIKoZIhvcNAwcECA07vwKjdi7VBAicAc75pr7prw=="},{"id":114,"hostname":"https://studiolab.sagemaker.aws","httpRealm":null,"formSubmitURL":"https://studiolab.sagemaker.aws","usernameField":"username","passwordField":"password","encryptedUsername":"MFIEEPgAAAAAAAAAAAAAAAAAAAEwFAYIKoZIhvcNAwcECJu5ZwurLtzmBCg43CnbU6yC3Suk26r+R1S4UxufqIZxQ9RL0u8GXxepU4I4o/IgiPq4","encryptedPassword":"MDoEEPgAAAAAAAAAAAAAAAAAAAEwFAYIKoZIhvcNAwcECFk5wZIsd9KYBBANC+mtDqgApsx+X+fDkn2a","guid":"{338fbc1f-9c2f-40fc-b6de-12aa5475365c}","encType":1,"timeCreated":1734107499676,"timeLastUsed":1734107499676,"timePasswordChanged":1734107499676,"timesUsed":1,"syncCounter":1,"everSynced":false,"encryptedUnknownFields":"MDIEEPgAAAAAAAAAAAAAAAAAAAEwFAYIKoZIhvcNAwcECNgAFHiQRK8WBAiaExF1/mKh7A=="},{"id":115,"hostname":"https://studiolab.sagemaker.aws","httpRealm":null,"formSubmitURL":"https://studiolab.sagemaker.aws","usernameField":"username","passwordField":"password","encryptedUsername":"MEoEEPgAAAAAAAAAAAAAAAAAAAEwFAYIKoZIhvcNAwcECMcm8r46l9ksBCC2y5l06NhncsVh20dF9Y6/w4GGAjl9rXUIaAcPRA0XgQ==","encryptedPassword":"MDoEEPgAAAAAAAAAAAAAAAAAAAEwFAYIKoZIhvcNAwcECPl0njUYRORNBBBzZ8Q0fPiXwiUM/XGV+zd0","guid":"{00238930-eb15-42a3-8549-bcd2d5d25b8f}","encType":1,"timeCreated":1734107530386,"timeLastUsed":1734107530386,"timePasswordChanged":1734107530386,"timesUsed":1,"syncCounter":1,"everSynced":false,"encryptedUnknownFields":"MDIEEPgAAAAAAAAAAAAAAAAAAAEwFAYIKoZIhvcNAwcECPQCLYRgb3L2BAhrx+/h4otXzw=="},{"id":116,"hostname":"https://studiolab.sagemaker.aws","httpRealm":null,"formSubmitURL":"https://studiolab.sagemaker.aws","usernameField":"username","passwordField":"password","encryptedUsername":"MEoEEPgAAAAAAAAAAAAAAAAAAAEwFAYIKoZIhvcNAwcECMlG9a1CdRyDBCDSfNLNGwSXOCmTvl8dD5/jKVM3OOTDny5QwEOn6t7hew==","encryptedPassword":"MDoEEPgAAAAAAAAAAAAAAAAAAAEwFAYIKoZIhvcNAwcECKQk9mSbMz1mBBDGJ/52fnhFWLmlXM/TWXAZ","guid":"{eced5c3f-1985-4637-b5d7-abd7ed1644f3}","encType":1,"timeCreated":1734107570472,"timeLastUsed":1734107570472,"timePasswordChanged":1734107570472,"timesUsed":1,"syncCounter":1,"everSynced":false,"encryptedUnknownFields":"MDIEEPgAAAAAAAAAAAAAAAAAAAEwFAYIKoZIhvcNAwcECG3AXl2uACf7BAh8YSWPJ6ujHw=="},{"id":117,"hostname":"https://studiolab.sagemaker.aws","httpRealm":null,"formSubmitURL":"https://studiolab.sagemaker.aws","usernameField":"username","passwordField":"password","encryptedUsername":"MFIEEPgAAAAAAAAAAAAAAAAAAAEwFAYIKoZIhvcNAwcECKvLcy6jv3j+BCgU2BThAMk3WCteFUjguWvxqXRGcgYOzcd7oiFQrewopSSqMY+wd3T1","encryptedPassword":"MDoEEPgAAAAAAAAAAAAAAAAAAAEwFAYIKoZIhvcNAwcECPnaFy5VEyLNBBCRLP2bfq/aO5FTBnRGampV","guid":"{de932132-53ea-4744-b5f4-3d6c455b6406}","encType":1,"timeCreated":1734107633006,"timeLastUsed":1734107633006,"timePasswordChanged":1734107633006,"timesUsed":1,"syncCounter":1,"everSynced":false,"encryptedUnknownFields":"MDIEEPgAAAAAAAAAAAAAAAAAAAEwFAYIKoZIhvcNAwcECCzdbRUH/qQ2BAhD+L2z+1xDOg=="},{"id":118,"hostname":"https://studiolab.sagemaker.aws","httpRealm":null,"formSubmitURL":"https://studiolab.sagemaker.aws","usernameField":"username","passwordField":"password","encryptedUsername":"MEoEEPgAAAAAAAAAAAAAAAAAAAEwFAYIKoZIhvcNAwcECH/P/wfYeUHyBCAtWg6plGh9dntg6t5LJZD2DvHXpeNPHRQbZD4Veu9q6w==","encryptedPassword":"MDoEEPgAAAAAAAAAAAAAAAAAAAEwFAYIKoZIhvcNAwcECJ2cqvc+JAxdBBBjD75Q+NFsuAvZyokqHKbN","guid":"{e79b47f6-148b-4072-8a1e-80369fd221f6}","encType":1,"timeCreated":1734107663806,"timeLastUsed":1734107663806,"timePasswordChanged":1734107663806,"timesUsed":1,"syncCounter":1,"everSynced":false,"encryptedUnknownFields":"MDIEEPgAAAAAAAAAAAAAAAAAAAEwFAYIKoZIhvcNAwcECPbMwpNNdBoDBAh0Zcc29fcekw=="},{"id":119,"hostname":"https://studiolab.sagemaker.aws","httpRealm":null,"formSubmitURL":"https://studiolab.sagemaker.aws","usernameField":"username","passwordField":"password","encryptedUsername":"MFIEEPgAAAAAAAAAAAAAAAAAAAEwFAYIKoZIhvcNAwcECEJAeEUkQtTeBCjXTDcWwzmIYiETk+XgPBEJw70IzmX7j0MLJTv2H9rC8juMPqNQ3vnh","encryptedPassword":"MDoEEPgAAAAAAAAAAAAAAAAAAAEwFAYIKoZIhvcNAwcECMYdPKMqRmWdBBA+TN3JU09JAWa3zUzUS6Bg","guid":"{58358896-8b69-46c4-a824-79bacfb2720b}","encType":1,"timeCreated":1734107752615,"timeLastUsed":1734107752615,"timePasswordChanged":1734107752615,"timesUsed":1,"syncCounter":1,"everSynced":false,"encryptedUnknownFields":"MDIEEPgAAAAAAAAAAAAAAAAAAAEwFAYIKoZIhvcNAwcECBSnj4TDBIyXBAjr0wUAMLd0+g=="},{"id":120,"hostname":"https://studiolab.sagemaker.aws","httpRealm":null,"formSubmitURL":"https://studiolab.sagemaker.aws","usernameField":"username","passwordField":"password","encryptedUsername":"MFIEEPgAAAAAAAAAAAAAAAAAAAEwFAYIKoZIhvcNAwcECATNGtiBHoI3BCgpMuJ+rdqmLf8zGFEanyK8IFkNeXdNr4crG9WPwUFTXghLrBNyWR+/","encryptedPassword":"MDoEEPgAAAAAAAAAAAAAAAAAAAEwFAYIKoZIhvcNAwcECAQ/oAgpOY8YBBAkwsGHPixoM5edkjvQfOCN","guid":"{f1998c0d-0e4e-4df8-a2e0-9c5459bc28be}","encType":1,"timeCreated":1734107764451,"timeLastUsed":1734107764451,"timePasswordChanged":1734107764451,"timesUsed":1,"syncCounter":1,"everSynced":false,"encryptedUnknownFields":"MDIEEPgAAAAAAAAAAAAAAAAAAAEwFAYIKoZIhvcNAwcECAXwYsYy0tOZBAj0+giUzBwb7w=="}],"potentiallyVulnerablePasswords":[],"dismissedBreachAlertsByLoginGUID":{},"version":3}