{"nextId":120,"logins":[{"id":91,"hostname":"https://studiolab.sagemaker.aws","httpRealm":null,"formSubmitURL":"https://studiolab.sagemaker.aws","usernameField":"username","passwordField":"password","encryptedUsername":"MEIEEPgAAAAAAAAAAAAAAAAAAAEwFAYIKoZIhvcNAwcECJKN8sr5h3jOBBjjsqpaNWgCzAVTarMqdPdX6edE0vD4bQc=","encryptedPassword":"MDoEEPgAAAAAAAAAAAAAAAAAAAEwFAYIKoZIhvcNAwcECBIxL8TKiBCDBBBshbw+SP84a0S/CTjbHfEs","guid":"{eb030bff-e125-440f-9c9f-f24918b51584}","encType":1,"timeCreated":1734109345453,"timeLastUsed":1734109345453,"timePasswordChanged":1734109345453,"timesUsed":1,"syncCounter":1,"everSynced":false,"encryptedUnknownFields":"MDIEEPgAAAAAAAAAAAAAAAAAAAEwFAYIKoZIhvcNAwcECDtNB4tyntTrBAguh2jD519pSw=="},{"id":92,"hostname":"https://studiolab.sagemaker.aws","httpRealm":null,"formSubmitURL":"https://studiolab.sagemaker.aws","usernameField":"username","passwordField":"password","encryptedUsername":"MEIEEPgAAAAAAAAAAAAAAAAAAAEwFAYIKoZIhvcNAwcECH/+sSexWfhpBBjvGj6t8yNvH6B7MMwgJIvWXMtcPDmEbXk=","encryptedPassword":"MDoEEPgAAAAAAAAAAAAAAAAAAAEwFAYIKoZIhvcNAwcECNZLEVm1kF0wBBDJ6ZIjFflBlLuG9FOMzJDn","guid":"{14380180-fe22-4060-9791-4767e4ac79ff}","encType":1,"timeCreated":1734109786657,"timeLastUsed":1734109786657,"timePasswordChanged":1734109786657,"timesUsed":1,"syncCounter":1,"everSynced":false,"encryptedUnknownFields":"MDIEEPgAAAAAAAAAAAAAAAAAAAEwFAYIKoZIhvcNAwcECPcCUCalwpuEBAgh1JaPCxueFA=="},{"id":93,"hostname":"https://studiolab.sagemaker.aws","httpRealm":null,"formSubmitURL":"https://studiolab.sagemaker.aws","usernameField":"username","passwordField":"password","encryptedUsername":"MEIEEPgAAAAAAAAAAAAAAAAAAAEwFAYIKoZIhvcNAwcECM8ZUH/F0u+RBBjjOFekrQXuOyWbfMV9XjLEWnXiMa6HaOs=","encryptedPassword":"MDoEEPgAAAAAAAAAAAAAAAAAAAEwFAYIKoZIhvcNAwcECLGmTl9uQPuoBBBWnj9OKwJQthX5SlBrEY4v","guid":"{76fb263a-0b64-4e37-8bda-fa227ddd16aa}","encType":1,"timeCreated":1734109811643,"timeLastUsed":1734109811643,"timePasswordChanged":1734109811643,"timesUsed":1,"syncCounter":1,"everSynced":false,"encryptedUnknownFields":"MDIEEPgAAAAAAAAAAAAAAAAAAAEwFAYIKoZIhvcNAwcECHtFKDHDe5G8BAjWqL3sjWVDHA=="},{"id":94,"hostname":"https://studiolab.sagemaker.aws","httpRealm":null,"formSubmitURL":"https://studiolab.sagemaker.aws","usernameField":"username","passwordField":"password","encryptedUsername":"MEIEEPgAAAAAAAAAAAAAAAAAAAEwFAYIKoZIhvcNAwcECDa4tnfuIlncBBhAvyZBgxoEZ0cX9SkqG1SHvX9b0lMm1dw=","encryptedPassword":"MDoEEPgAAAAAAAAAAAAAAAAAAAEwFAYIKoZIhvcNAwcECFg+mJHr60l9BBB6SHYvJlgLLMye3+XbThOy","guid":"{04781d29-33c2-48f4-9e3f-4dd7a99dac6c}","encType":1,"timeCreated":1734109864463,"timeLastUsed":1734109864463,"timePasswordChanged":1734109864463,"timesUsed":1,"syncCounter":1,"everSynced":false,"encryptedUnknownFields":"MDIEEPgAAAAAAAAAAAAAAAAAAAEwFAYIKoZIhvcNAwcECJGDMCSJUn5NBAhdu0SC33FlzQ=="},{"id":95,"hostname":"https://studiolab.sagemaker.aws","httpRealm":null,"formSubmitURL":"https://studiolab.sagemaker.aws","usernameField":"username","passwordField":"password","encryptedUsername":"MEIEEPgAAAAAAAAAAAAAAAAAAAEwFAYIKoZIhvcNAwcECAObOLBDXO9qBBjmavqKubJJGwFmDf9yKAzgfpXr9rTT+mI=","encryptedPassword":"MDoEEPgAAAAAAAAAAAAAAAAAAAEwFAYIKoZIhvcNAwcECD6pwuaP0ntuBBCmwJn6Zm4sKTtTOhhoGuGB","guid":"{7fc56ccd-24cf-42f0-8082-1004e2f35bf4}","encType":1,"timeCreated":1734109875172,"timeLastUsed":1734109875172,"timePasswordChanged":1734109875172,"timesUsed":1,"syncCounter":1,"everSynced":false,"encryptedUnknownFields":"MDIEEPgAAAAAAAAAAAAAAAAAAAEwFAYIKoZIhvcNAwcECC7/NeV13aKoBAhPqZOIymuj+g=="},{"id":96,"hostname":"https://studiolab.sagemaker.aws","httpRealm":null,"formSubmitURL":"https://studiolab.sagemaker.aws","usernameField":"username","passwordField":"password","encryptedUsername":"MEIEEPgAAAAAAAAAAAAAAAAAAAEwFAYIKoZIhvcNAwcECC9CgOuopp/vBBgweaSfk0xeRAF2L+b9Qnsbn0i51re7ujA=","encryptedPassword":"MDoEEPgAAAAAAAAAAAAAAAAAAAEwFAYIKoZIhvcNAwcECBYeW/+kzKXlBBA5FMajvabG2mOBWtyCNmou","guid":"{dd1f640c-947f-498c-b95b-f63d366de067}","encType":1,"timeCreated":1734109886351,"timeLastUsed":1734109886351,"timePasswordChanged":1734109886351,"timesUsed":1,"syncCounter":1,"everSynced":false,"encryptedUnknownFields":"MDIEEPgAAAAAAAAAAAAAAAAAAAEwFAYIKoZIhvcNAwcECKzVvZlYyFPoBAgFCWS87gnUUA=="},{"id":97,"hostname":"https://studiolab.sagemaker.aws","httpRealm":null,"formSubmitURL":"https://studiolab.sagemaker.aws","usernameField":"username","passwordField":"password","encryptedUsername":"MEIEEPgAAAAAAAAAAAAAAAAAAAEwFAYIKoZIhvcNAwcECG8AFtkCd6SzBBgARLJPHpR5ecostw092C+kQeyfz9yNzVw=","encryptedPassword":"MDoEEPgAAAAAAAAAAAAAAAAAAAEwFAYIKoZIhvcNAwcECLlEmSiafCVIBBBN7iScNj4uJJ48e/uqW5So","guid":"{7c994e54-076a-45f7-ba28-b139a2fbdd71}","encType":1,"timeCreated":1734109956039,"timeLastUsed":1734109956039,"timePasswordChanged":1734109956039,"timesUsed":1,"syncCounter":1,"everSynced":false,"encryptedUnknownFields":"MDIEEPgAAAAAAAAAAAAAAAAAAAEwFAYIKoZIhvcNAwcECKqkwpN4WxhFBAiIC9AVaZu3aA=="},{"id":98,"hostname":"https://studiolab.sagemaker.aws","httpRealm":null,"formSubmitURL":"https://studiolab.sagemaker.aws","usernameField":"username","passwordField":"password","encryptedUsername":"MEoEEPgAAAAAAAAAAAAAAAAAAAEwFAYIKoZIhvcNAwcECBRXXw/5a22MBCDnsNF+unKkNzLZH2wC8H4K+bnxwhgLGji7dxlSvJ4rOg==","encryptedPassword":"MDoEEPgAAAAAAAAAAAAAAAAAAAEwFAYIKoZIhvcNAwcECCP5WckbUAeqBBBWaVF6nmmZb+nISi2+kxxS","guid":"{6765a588-108c-430a-b6d2-bb1a59abf8d4}","encType":1,"timeCreated":1734109996400,"timeLastUsed":1734109996400,"timePasswordChanged":1734109996400,"timesUsed":1,"syncCounter":1,"everSynced":false,"encryptedUnknownFields":"MDIEEPgAAAAAAAAAAAAAAAAAAAEwFAYIKoZIhvcNAwcECIdbIqaGgZkyBAjFPTr+xIlS0Q=="},{"id":99,"hostname":"https://studiolab.sagemaker.aws","httpRealm":null,"formSubmitURL":"https://studiolab.sagemaker.aws","usernameField":"username","passwordField":"password","encryptedUsername":"MEIEEPgAAAAAAAAAAAAAAAAAAAEwFAYIKoZIhvcNAwcECLuHUS03QTYgBBhcT1Ki5drEKmpnKT/JK4d3kaVw6iBSTc8=","encryptedPassword":"MDoEEPgAAAAAAAAAAAAAAAAAAAEwFAYIKoZIhvcNAwcECBuoGFJGAcfPBBD6szoOU73sAaTtj43djdqB","guid":"{1d8bdd3c-f572-4f54-ba2e-24fee91fdcaf}","encType":1,"timeCreated":1734110052403,"timeLastUsed":1734110052403,"timePasswordChanged":1734110052403,"timesUsed":1,"syncCounter":1,"everSynced":false,"encryptedUnknownFields":"MDIEEPgAAAAAAAAAAAAAAAAAAAEwFAYIKoZIhvcNAwcECFlEWDuhM3+HBAjC16b/ROqBpw=="},{"id":100,"hostname":"https://studiolab.sagemaker.aws","httpRealm":null,"formSubmitURL":"https://studiolab.sagemaker.aws","usernameField":"username","passwordField":"password","encryptedUsername":"MEoEEPgAAAAAAAAAAAAAAAAAAAEwFAYIKoZIhvcNAwcECK7FdL8AVhVSBCCxOIosZWPrFEjaIIv3IWeYUJMxGvsBMVQWcHzakvEo6A==","encryptedPassword":"MDoEEPgAAAAAAAAAAAAAAAAAAAEwFAYIKoZIhvcNAwcECEO5qitBcnEMBBC/sgeUUOjiX5Llci6ai6QU","guid":"{970b528d-17b4-4e53-8b27-d4268f99b7a4}","encType":1,"timeCreated":1734110084798,"timeLastUsed":1734110084798,"timePasswordChanged":1734110084798,"timesUsed":1,"syncCounter":1,"everSynced":false,"encryptedUnknownFields":"MDIEEPgAAAAAAAAAAAAAAAAAAAEwFAYIKoZIhvcNAwcECF3hqXxwTdMbBAg1FZ7IAheg/g=="},{"id":101,"hostname":"https://studiolab.sagemaker.aws","httpRealm":null,"formSubmitURL":"https://studiolab.sagemaker.aws","usernameField":"username","passwordField":"password","encryptedUsername":"MEIEEPgAAAAAAAAAAAAAAAAAAAEwFAYIKoZIhvcNAwcECKBJ3fDZEbwtBBiF7LIWiG0Hua7Rl/P1U+0AqQRdTYr6C+Q=","encryptedPassword":"MDoEEPgAAAAAAAAAAAAAAAAAAAEwFAYIKoZIhvcNAwcECIzPCOuJ51N6BBDo0BetwQElGSLKxv0WX6Du","guid":"{61d8e9ee-ebc9-42cb-b917-822d23fde2a1}","encType":1,"timeCreated":1734110110244,"timeLastUsed":1734110110244,"timePasswordChanged":1734110110244,"timesUsed":1,"syncCounter":1,"everSynced":false,"encryptedUnknownFields":"MDIEEPgAAAAAAAAAAAAAAAAAAAEwFAYIKoZIhvcNAwcECDqhhohg61QNBAhvVKh64n5Asw=="},{"id":102,"hostname":"https://studiolab.sagemaker.aws","httpRealm":null,"formSubmitURL":"https://studiolab.sagemaker.aws","usernameField":"username","passwordField":"password","encryptedUsername":"MEIEEPgAAAAAAAAAAAAAAAAAAAEwFAYIKoZIhvcNAwcECEyTVe7XLgJLBBjwubfS9e5BWKmbii1kO0Dpuluv2HWxUrs=","encryptedPassword":"MDoEEPgAAAAAAAAAAAAAAAAAAAEwFAYIKoZIhvcNAwcECIqRoX3ehxr2BBD2OYadx+vsi0AxOAQnuRJS","guid":"{fe309d62-832c-4a6b-be4c-9b2135abe0db}","encType":1,"timeCreated":1734110146275,"timeLastUsed":1734110146275,"timePasswordChanged":1734110146275,"timesUsed":1,"syncCounter":1,"everSynced":false,"encryptedUnknownFields":"MDIEEPgAAAAAAAAAAAAAAAAAAAEwFAYIKoZIhvcNAwcECLawVhq647T2BAgQlwso7Mx8vQ=="},{"id":103,"hostname":"https://studiolab.sagemaker.aws","httpRealm":null,"formSubmitURL":"https://studiolab.sagemaker.aws","usernameField":"username","passwordField":"password","encryptedUsername":"MEIEEPgAAAAAAAAAAAAAAAAAAAEwFAYIKoZIhvcNAwcECPaCI8/2jBq/BBjMYwP/Zxt5mHRK0AH2+ehS13uf0XxgKcM=","encryptedPassword":"MDoEEPgAAAAAAAAAAAAAAAAAAAEwFAYIKoZIhvcNAwcECBPFyZzU2NuKBBBHzG+Rd1r3zT3lAEAwQ+PH","guid":"{fac588f3-61d2-465b-9798-777ac467cb65}","encType":1,"timeCreated":1734110189586,"timeLastUsed":1734110189586,"timePasswordChanged":1734110189586,"timesUsed":1,"syncCounter":1,"everSynced":false,"encryptedUnknownFields":"MDIEEPgAAAAAAAAAAAAAAAAAAAEwFAYIKoZIhvcNAwcECBlZl1lkNTsTBAjw3lFU23pXxQ=="},{"id":104,"hostname":"https://studiolab.sagemaker.aws","httpRealm":null,"formSubmitURL":"https://studiolab.sagemaker.aws","usernameField":"username","passwordField":"password","encryptedUsername":"MEIEEPgAAAAAAAAAAAAAAAAAAAEwFAYIKoZIhvcNAwcECBYl9TpcUuOWBBhNfBJN2oehm9tAMvaVGBDdJJJNdEiyBN4=","encryptedPassword":"MDoEEPgAAAAAAAAAAAAAAAAAAAEwFAYIKoZIhvcNAwcECHYrXAyui114BBDNzC0IGXnHiNJ0EKmQQ7iX","guid":"{fd9f7abc-6fbe-4c0f-83d0-a328b07eac41}","encType":1,"timeCreated":1734110213614,"timeLastUsed":1734110213614,"timePasswordChanged":1734110213614,"timesUsed":1,"syncCounter":1,"everSynced":false,"encryptedUnknownFields":"MDIEEPgAAAAAAAAAAAAAAAAAAAEwFAYIKoZIhvcNAwcECE33iWxfUFesBAhXskqV8g9zhQ=="},{"id":105,"hostname":"https://studiolab.sagemaker.aws","httpRealm":null,"formSubmitURL":"https://studiolab.sagemaker.aws","usernameField":"username","passwordField":"password","encryptedUsername":"MEIEEPgAAAAAAAAAAAAAAAAAAAEwFAYIKoZIhvcNAwcECLQ7j5uWZheSBBg6VDYNQptGclbDkpsBzgJ1I4X9FZBnMEQ=","encryptedPassword":"MDoEEPgAAAAAAAAAAAAAAAAAAAEwFAYIKoZIhvcNAwcECHMGSJ/wQ3q5BBAttTfz0lb42BZy0VANo3FD","guid":"{f03a779d-fe27-4e1e-b526-834fdde147b3}","encType":1,"timeCreated":1734110248378,"timeLastUsed":1734110248378,"timePasswordChanged":1734110248378,"timesUsed":1,"syncCounter":1,"everSynced":false,"encryptedUnknownFields":"MDIEEPgAAAAAAAAAAAAAAAAAAAEwFAYIKoZIhvcNAwcECE/s1MfvMpz6BAgKjJRUZAlouw=="},{"id":106,"hostname":"https://studiolab.sagemaker.aws","httpRealm":null,"formSubmitURL":"https://studiolab.sagemaker.aws","usernameField":"username","passwordField":"password","encryptedUsername":"MEIEEPgAAAAAAAAAAAAAAAAAAAEwFAYIKoZIhvcNAwcECN8YMzIY/B6PBBgL4mRwX9eOFNxzi1Ku/EdN5fVY+DEMpE4=","encryptedPassword":"MDoEEPgAAAAAAAAAAAAAAAAAAAEwFAYIKoZIhvcNAwcECP1x9hyUkkpeBBCGlYGGeWSeXrDZ0d3naltU","guid":"{d6586278-7ac3-4104-b87f-a185cd7f816e}","encType":1,"timeCreated":1734110353944,"timeLastUsed":1734110353944,"timePasswordChanged":1734110353944,"timesUsed":1,"syncCounter":1,"everSynced":false,"encryptedUnknownFields":"MDIEEPgAAAAAAAAAAAAAAAAAAAEwFAYIKoZIhvcNAwcECEJKYCVg6PHJBAh7nGRBftgS8w=="},{"id":107,"hostname":"https://studiolab.sagemaker.aws","httpRealm":null,"formSubmitURL":"https://studiolab.sagemaker.aws","usernameField":"username","passwordField":"password","encryptedUsername":"MEIEEPgAAAAAAAAAAAAAAAAAAAEwFAYIKoZIhvcNAwcECPc3nhXXcfz+BBhCUA7Q05YhXRq871W5MgE38SBC3EFBoms=","encryptedPassword":"MDoEEPgAAAAAAAAAAAAAAAAAAAEwFAYIKoZIhvcNAwcECETua4oaAYTtBBDj7kWUve7Mw1tywMg3mHhH","guid":"{43170b6e-ff52-415c-bdab-5d54cad1d088}","encType":1,"timeCreated":1734110383846,"timeLastUsed":1734110383846,"timePasswordChanged":1734110383846,"timesUsed":1,"syncCounter":1,"everSynced":false,"encryptedUnknownFields":"MDIEEPgAAAAAAAAAAAAAAAAAAAEwFAYIKoZIhvcNAwcECPxrFRcHJf6ABAj+H6pt2maD0w=="},{"id":108,"hostname":"https://studiolab.sagemaker.aws","httpRealm":null,"formSubmitURL":"https://studiolab.sagemaker.aws","usernameField":"username","passwordField":"password","encryptedUsername":"MEIEEPgAAAAAAAAAAAAAAAAAAAEwFAYIKoZIhvcNAwcECE/Kun8uxhQmBBiVrAoNB77UD+NMoAQGFwpmYDTmqWfpPRE=","encryptedPassword":"MDoEEPgAAAAAAAAAAAAAAAAAAAEwFAYIKoZIhvcNAwcECEFuIZRNsDoLBBCIMmTaN66w5R+NYYddLMk0","guid":"{cdb0177f-99a2-49ca-bd52-119ce968109d}","encType":1,"timeCreated":1734110419038,"timeLastUsed":1734110419038,"timePasswordChanged":1734110419038,"timesUsed":1,"syncCounter":1,"everSynced":false,"encryptedUnknownFields":"MDIEEPgAAAAAAAAAAAAAAAAAAAEwFAYIKoZIhvcNAwcECOHq6omuE+AfBAiQpN6TAUS+PA=="},{"id":109,"hostname":"https://studiolab.sagemaker.aws","httpRealm":null,"formSubmitURL":"https://studiolab.sagemaker.aws","usernameField":"username","passwordField":"password","encryptedUsername":"MEIEEPgAAAAAAAAAAAAAAAAAAAEwFAYIKoZIhvcNAwcECOwvEhwgQlQUBBgKFYr3Upq4GwLfYWVaZhIrNVAwZAq5cXk=","encryptedPassword":"MDoEEPgAAAAAAAAAAAAAAAAAAAEwFAYIKoZIhvcNAwcECEeynvmUUjGjBBD3OKBYYKFVYwdRhE4bO236","guid":"{452fb47c-f6e6-4d70-8873-3e04bc268acb}","encType":1,"timeCreated":1734110493259,"timeLastUsed":1734110493259,"timePasswordChanged":1734110493259,"timesUsed":1,"syncCounter":1,"everSynced":false,"encryptedUnknownFields":"MDIEEPgAAAAAAAAAAAAAAAAAAAEwFAYIKoZIhvcNAwcECI81tQeZjq6KBAgJGJpM5OYu5A=="},{"id":110,"hostname":"https://studiolab.sagemaker.aws","httpRealm":null,"formSubmitURL":"https://studiolab.sagemaker.aws","usernameField":"username","passwordField":"password","encryptedUsername":"MEIEEPgAAAAAAAAAAAAAAAAAAAEwFAYIKoZIhvcNAwcECBn5UcyGCi1PBBg08KIp014wi2HMJyK5R1gOrrV3Ap8Ja7o=","encryptedPassword":"MDoEEPgAAAAAAAAAAAAAAAAAAAEwFAYIKoZIhvcNAwcECDGt9eG7zB0iBBA6QSCp6OjsUTNxqUy5keb4","guid":"{e9d808c9-65dd-469c-932d-ad06363f1bed}","encType":1,"timeCreated":1734110527773,"timeLastUsed":1734110527773,"timePasswordChanged":1734110527773,"timesUsed":1,"syncCounter":1,"everSynced":false,"encryptedUnknownFields":"MDIEEPgAAAAAAAAAAAAAAAAAAAEwFAYIKoZIhvcNAwcECKs4y5fAyYohBAgfRABjRK3VBw=="},{"id":111,"hostname":"https://studiolab.sagemaker.aws","httpRealm":null,"formSubmitURL":"https://studiolab.sagemaker.aws","usernameField":"username","passwordField":"password","encryptedUsername":"MEIEEPgAAAAAAAAAAAAAAAAAAAEwFAYIKoZIhvcNAwcECIGADzCnfrqLBBhKX9YE0NyTgJyF8oi/iZwVZJ3XIkPF+AM=","encryptedPassword":"MDoEEPgAAAAAAAAAAAAAAAAAAAEwFAYIKoZIhvcNAwcECGzYPK5PGxUVBBAYSQ660ULMC2noKxrbo8Nd","guid":"{d647b7f7-ebbb-48f8-92af-1f661d282dde}","encType":1,"timeCreated":1734110621357,"timeLastUsed":1734110621357,"timePasswordChanged":1734110621357,"timesUsed":1,"syncCounter":1,"everSynced":false,"encryptedUnknownFields":"MDIEEPgAAAAAAAAAAAAAAAAAAAEwFAYIKoZIhvcNAwcECKGIYcvM6+QzBAgiLgSNM2xmGA=="},{"id":112,"hostname":"https://studiolab.sagemaker.aws","httpRealm":null,"formSubmitURL":"https://studiolab.sagemaker.aws","usernameField":"username","passwordField":"password","encryptedUsername":"MEIEEPgAAAAAAAAAAAAAAAAAAAEwFAYIKoZIhvcNAwcECJIDE17y7sZWBBhjRbqP+gIo2/uGMV6oEUsHZNAJvyJfDqk=","encryptedPassword":"MDoEEPgAAAAAAAAAAAAAAAAAAAEwFAYIKoZIhvcNAwcECGf3FXAuDdxHBBCqJBNX4/IxLMFC5QmioqkQ","guid":"{bc10e04a-9582-4ca7-ac2e-2e3bd8ea6e68}","encType":1,"timeCreated":1734110663904,"timeLastUsed":1734110663904,"timePasswordChanged":1734110663904,"timesUsed":1,"syncCounter":1,"everSynced":false,"encryptedUnknownFields":"MDIEEPgAAAAAAAAAAAAAAAAAAAEwFAYIKoZIhvcNAwcECI+I35Gjm5RNBAh22tKxSKvRLA=="},{"id":113,"hostname":"https://studiolab.sagemaker.aws","httpRealm":null,"formSubmitURL":"https://studiolab.sagemaker.aws","usernameField":"username","passwordField":"password","encryptedUsername":"MEIEEPgAAAAAAAAAAAAAAAAAAAEwFAYIKoZIhvcNAwcECE3luGTOlbWOBBgXZBaFrLK5Ph+PwZCH6Ywchk1756Kiiug=","encryptedPassword":"MDoEEPgAAAAAAAAAAAAAAAAAAAEwFAYIKoZIhvcNAwcECMRh72/rZT2qBBA4SKIhBqlEv1rzMlE+e3/e","guid":"{36a7b38e-595a-4161-92e8-6b78cf7c4c20}","encType":1,"timeCreated":1734110703233,"timeLastUsed":1734110703233,"timePasswordChanged":1734110703233,"timesUsed":1,"syncCounter":1,"everSynced":false,"encryptedUnknownFields":"MDIEEPgAAAAAAAAAAAAAAAAAAAEwFAYIKoZIhvcNAwcECKGFHbXAKAAiBAh0MB7RZs/eOA=="},{"id":114,"hostname":"https://studiolab.sagemaker.aws","httpRealm":null,"formSubmitURL":"https://studiolab.sagemaker.aws","usernameField":"username","passwordField":"password","encryptedUsername":"MDoEEPgAAAAAAAAAAAAAAAAAAAEwFAYIKoZIhvcNAwcECCpi0LrhdbykBBBBxFCrzMUPvBZzpIE0rBqF","encryptedPassword":"MDoEEPgAAAAAAAAAAAAAAAAAAAEwFAYIKoZIhvcNAwcECNzSk5U2oyiIBBD+ENXI0bOTjncHA3QLFCI6","guid":"{5370efd9-9a81-4b11-8164-3c974ff54ca0}","encType":1,"timeCreated":1734110760530,"timeLastUsed":1734110760530,"timePasswordChanged":1734110760530,"timesUsed":1,"syncCounter":1,"everSynced":false,"encryptedUnknownFields":"MDIEEPgAAAAAAAAAAAAAAAAAAAEwFAYIKoZIhvcNAwcECI6qZeX5fwvMBAgSOBTw1llYxg=="},{"id":115,"hostname":"https://studiolab.sagemaker.aws","httpRealm":null,"formSubmitURL":"https://studiolab.sagemaker.aws","usernameField":"username","passwordField":"password","encryptedUsername":"MEIEEPgAAAAAAAAAAAAAAAAAAAEwFAYIKoZIhvcNAwcECCMGL1umYK/gBBi/Cu3+RJScRhN0cK9n8lsN1GDCg63xrTA=","encryptedPassword":"MDoEEPgAAAAAAAAAAAAAAAAAAAEwFAYIKoZIhvcNAwcECNhJByz1IQABBBD21T5DIbAZ+ArC8DO88+YV","guid":"{f93fdadc-5b35-4a7a-8743-ddca3c12de74}","encType":1,"timeCreated":1734110798260,"timeLastUsed":1734110798260,"timePasswordChanged":1734110798260,"timesUsed":1,"syncCounter":1,"everSynced":false,"encryptedUnknownFields":"MDIEEPgAAAAAAAAAAAAAAAAAAAEwFAYIKoZIhvcNAwcECEUyNJ2bPILOBAh2GeFcg9hfQg=="},{"id":116,"hostname":"https://studiolab.sagemaker.aws","httpRealm":null,"formSubmitURL":"https://studiolab.sagemaker.aws","usernameField":"username","passwordField":"password","encryptedUsername":"MEIEEPgAAAAAAAAAAAAAAAAAAAEwFAYIKoZIhvcNAwcECDF+olj1wYP3BBj42L7ssqSlAT+T0QQvgSljJZK0Fy4P+NY=","encryptedPassword":"MDoEEPgAAAAAAAAAAAAAAAAAAAEwFAYIKoZIhvcNAwcECMFKrrKrrWTBBBBXPVFtOSSh6cDEiO6yW67e","guid":"{ffe1931e-63d2-45eb-90de-9d66731c341a}","encType":1,"timeCreated":1734110875173,"timeLastUsed":1734110875173,"timePasswordChanged":1734110875173,"timesUsed":1,"syncCounter":1,"everSynced":false,"encryptedUnknownFields":"MDIEEPgAAAAAAAAAAAAAAAAAAAEwFAYIKoZIhvcNAwcECMkKGqDgo27PBAiRUdqIWI/CfA=="},{"id":117,"hostname":"https://studiolab.sagemaker.aws","httpRealm":null,"formSubmitURL":"https://studiolab.sagemaker.aws","usernameField":"username","passwordField":"password","encryptedUsername":"MEIEEPgAAAAAAAAAAAAAAAAAAAEwFAYIKoZIhvcNAwcECFnWJSRhBTjoBBhLA8HHILPhPGiuxt2z1G5h64fb3EEVFwo=","encryptedPassword":"MDoEEPgAAAAAAAAAAAAAAAAAAAEwFAYIKoZIhvcNAwcECB0TEuQyRqBxBBDgUA8Z+K1R6g7Ml8Dd0fFI","guid":"{4d13774f-9325-42ea-bed8-4051abcf56a9}","encType":1,"timeCreated":1734110935989,"timeLastUsed":1734110935989,"timePasswordChanged":1734110935989,"timesUsed":1,"syncCounter":1,"everSynced":false,"encryptedUnknownFields":"MDIEEPgAAAAAAAAAAAAAAAAAAAEwFAYIKoZIhvcNAwcECEzd4jBqsVNpBAhGG2izgDdxFA=="},{"id":118,"hostname":"https://studiolab.sagemaker.aws","httpRealm":null,"formSubmitURL":"https://studiolab.sagemaker.aws","usernameField":"username","passwordField":"password","encryptedUsername":"MEoEEPgAAAAAAAAAAAAAAAAAAAEwFAYIKoZIhvcNAwcECA9jeum2tPJ8BCCZFNDvw3ZtJIM+Iu0OWKaS7/1sU0dx7mLIuyCEbTED+A==","encryptedPassword":"MDoEEPgAAAAAAAAAAAAAAAAAAAEwFAYIKoZIhvcNAwcECAWNt41SZBT2BBDsdE6TgA6aD4vxO2qGSEv/","guid":"{808e2d30-7e89-413d-90b5-a01c9f352775}","encType":1,"timeCreated":1734110967299,"timeLastUsed":1734110967299,"timePasswordChanged":1734110967299,"timesUsed":1,"syncCounter":1,"everSynced":false,"encryptedUnknownFields":"MDIEEPgAAAAAAAAAAAAAAAAAAAEwFAYIKoZIhvcNAwcECEsSFNWSXzWUBAhFRWkCGBtkLg=="},{"id":119,"hostname":"https://studiolab.sagemaker.aws","httpRealm":null,"formSubmitURL":"https://studiolab.sagemaker.aws","usernameField":"username","passwordField":"password","encryptedUsername":"MEoEEPgAAAAAAAAAAAAAAAAAAAEwFAYIKoZIhvcNAwcECDQJt/vmJc0hBCCsSpJK/oU0bD96nzdz3zz+wK5jxabZ73fvSIlBOqaZAw==","encryptedPassword":"MDoEEPgAAAAAAAAAAAAAAAAAAAEwFAYIKoZIhvcNAwcECGlkeN/HSaO9BBDeFK5UDMJkXdbnfz0PqYCS","guid":"{a48bf12a-8015-429c-a87f-3ab0c98eb14c}","encType":1,"timeCreated":1734111001315,"timeLastUsed":1734111001315,"timePasswordChanged":1734111001315,"timesUsed":1,"syncCounter":1,"everSynced":false,"encryptedUnknownFields":"MDIEEPgAAAAAAAAAAAAAAAAAAAEwFAYIKoZIhvcNAwcECNrIlXToqOHkBAgkRKyT/QpVhQ=="}],"potentiallyVulnerablePasswords":[],"dismissedBreachAlertsByLoginGUID":{},"version":3}