{"nextId":122,"logins":[{"id":91,"hostname":"https://studiolab.sagemaker.aws","httpRealm":null,"formSubmitURL":"https://studiolab.sagemaker.aws","usernameField":"username","passwordField":"password","encryptedUsername":"MEoEEPgAAAAAAAAAAAAAAAAAAAEwFAYIKoZIhvcNAwcECGdIz/lEWf80BCDPE6Xq18VGEaP36ZIlbY5GevPM2xPDjm370gXIhdV7BA==","encryptedPassword":"MDoEEPgAAAAAAAAAAAAAAAAAAAEwFAYIKoZIhvcNAwcECFIT4+KtjEmDBBDUcSIRXwko0ZE8MRuvp1Zo","guid":"{e584c1fc-c363-4030-aca5-4cc171f9f110}","encType":1,"timeCreated":1734113871534,"timeLastUsed":1734113871534,"timePasswordChanged":1734113871534,"timesUsed":1,"syncCounter":1,"everSynced":false,"encryptedUnknownFields":"MDIEEPgAAAAAAAAAAAAAAAAAAAEwFAYIKoZIhvcNAwcECLcHa2EiyL1xBAhFGHs+jjyYCA=="},{"id":92,"hostname":"https://studiolab.sagemaker.aws","httpRealm":null,"formSubmitURL":"https://studiolab.sagemaker.aws","usernameField":"username","passwordField":"password","encryptedUsername":"MEoEEPgAAAAAAAAAAAAAAAAAAAEwFAYIKoZIhvcNAwcECKJGp/qxGQzxBCC6oU3ju1G27sSM34JSaRyNQlwyagsyczd+aBcwMkmn1Q==","encryptedPassword":"MDoEEPgAAAAAAAAAAAAAAAAAAAEwFAYIKoZIhvcNAwcECJRH3r1M9qVBBBB+rgPw/C1neddZ8QWW0jzq","guid":"{59bb0f2e-59fa-4161-9ea6-1b85046b9535}","encType":1,"timeCreated":1734114161176,"timeLastUsed":1734114161176,"timePasswordChanged":1734114161176,"timesUsed":1,"syncCounter":1,"everSynced":false,"encryptedUnknownFields":"MDIEEPgAAAAAAAAAAAAAAAAAAAEwFAYIKoZIhvcNAwcECNF6e7zmPbG/BAiD2GFiADvLFw=="},{"id":93,"hostname":"https://studiolab.sagemaker.aws","httpRealm":null,"formSubmitURL":"https://studiolab.sagemaker.aws","usernameField":"username","passwordField":"password","encryptedUsername":"MFIEEPgAAAAAAAAAAAAAAAAAAAEwFAYIKoZIhvcNAwcECEIL6HgIR42wBCjvaSnYn16kDbxGB3MDlTMc/rQpRV1FBnOjOzjPPg8Q6gXoAnHUglT+","encryptedPassword":"MDoEEPgAAAAAAAAAAAAAAAAAAAEwFAYIKoZIhvcNAwcECMiLkUzecRvcBBBlI6KuqbLbsSAKsNfWkDH+","guid":"{60aa8d9d-0e0b-4908-870e-8834789c192e}","encType":1,"timeCreated":1734114200358,"timeLastUsed":1734114200358,"timePasswordChanged":1734114200358,"timesUsed":1,"syncCounter":1,"everSynced":false,"encryptedUnknownFields":"MDIEEPgAAAAAAAAAAAAAAAAAAAEwFAYIKoZIhvcNAwcECFwnTFaAH73FBAihfw4WiO1sdw=="},{"id":94,"hostname":"https://studiolab.sagemaker.aws","httpRealm":null,"formSubmitURL":"https://studiolab.sagemaker.aws","usernameField":"username","passwordField":"password","encryptedUsername":"MFIEEPgAAAAAAAAAAAAAAAAAAAEwFAYIKoZIhvcNAwcECMN1kw1jaFRpBCibBbWH4fCPyc9LHzt78Mm+URNMxgPHZf0Obhfd3QKPZ14WPEPryg9Y","encryptedPassword":"MDoEEPgAAAAAAAAAAAAAAAAAAAEwFAYIKoZIhvcNAwcECNFvowZDd0gtBBBPrcYqoRZZfpDFs1pOMg0n","guid":"{3cf5cfb2-19a5-4f29-953a-92941238fcd5}","encType":1,"timeCreated":1734114317646,"timeLastUsed":1734114317646,"timePasswordChanged":1734114317646,"timesUsed":1,"syncCounter":1,"everSynced":false,"encryptedUnknownFields":"MDIEEPgAAAAAAAAAAAAAAAAAAAEwFAYIKoZIhvcNAwcECMFJt0dKcty7BAjZA6JaUxOapA=="},{"id":95,"hostname":"https://studiolab.sagemaker.aws","httpRealm":null,"formSubmitURL":"https://studiolab.sagemaker.aws","usernameField":"username","passwordField":"password","encryptedUsername":"MFIEEPgAAAAAAAAAAAAAAAAAAAEwFAYIKoZIhvcNAwcECG2qNW50f09YBChjmRqc6y59JFgQlrYvJJg80hr5b04pC9In+5yXvihWdLSSp1/NQc48","encryptedPassword":"MDoEEPgAAAAAAAAAAAAAAAAAAAEwFAYIKoZIhvcNAwcECIFC97zWCapCBBBLYSJY0ipPF7bcp2inz+p1","guid":"{a9ab3ad3-9538-4d02-8457-376cbf0f93b9}","encType":1,"timeCreated":1734114343272,"timeLastUsed":1734114343272,"timePasswordChanged":1734114343272,"timesUsed":1,"syncCounter":1,"everSynced":false,"encryptedUnknownFields":"MDIEEPgAAAAAAAAAAAAAAAAAAAEwFAYIKoZIhvcNAwcECIcbRnRg1WRyBAjhw/jS6oZtUw=="},{"id":96,"hostname":"https://studiolab.sagemaker.aws","httpRealm":null,"formSubmitURL":"https://studiolab.sagemaker.aws","usernameField":"username","passwordField":"password","encryptedUsername":"MFIEEPgAAAAAAAAAAAAAAAAAAAEwFAYIKoZIhvcNAwcECJdZAQjkoIdOBCiQmO+0cIFMLPhl4ap/ztW+ArvZIObWz+HCCkcKVHqFRgyogf+DTvqL","encryptedPassword":"MDoEEPgAAAAAAAAAAAAAAAAAAAEwFAYIKoZIhvcNAwcECHos3Cb2PUfUBBAitd7DQmSG4ETyBVa3tMyF","guid":"{45bf3ead-461a-419e-9378-3725ee727ba0}","encType":1,"timeCreated":1734114369790,"timeLastUsed":1734114369790,"timePasswordChanged":1734114369790,"timesUsed":1,"syncCounter":1,"everSynced":false,"encryptedUnknownFields":"MDIEEPgAAAAAAAAAAAAAAAAAAAEwFAYIKoZIhvcNAwcECEVnRH08S48SBAi4h8cATt/P6g=="},{"id":97,"hostname":"https://studiolab.sagemaker.aws","httpRealm":null,"formSubmitURL":"https://studiolab.sagemaker.aws","usernameField":"username","passwordField":"password","encryptedUsername":"MFIEEPgAAAAAAAAAAAAAAAAAAAEwFAYIKoZIhvcNAwcECCHlAq+PKwRxBCivw8ZUJ4qZs4jlRQ9Xq3jj42k20sPByUms4rrtvxAd/ftss1eMQ0Xf","encryptedPassword":"MDoEEPgAAAAAAAAAAAAAAAAAAAEwFAYIKoZIhvcNAwcECP/PUvsBxsY4BBCUdrhdTDC75coCWzPAETyM","guid":"{151051bd-d852-4a4b-a809-46d4ccf108a8}","encType":1,"timeCreated":1734132995797,"timeLastUsed":1734132995797,"timePasswordChanged":1734132995797,"timesUsed":1,"syncCounter":1,"everSynced":false,"encryptedUnknownFields":"MDIEEPgAAAAAAAAAAAAAAAAAAAEwFAYIKoZIhvcNAwcECHNjMA52rUsPBAjM8T4LDo7xlw=="},{"id":98,"hostname":"https://studiolab.sagemaker.aws","httpRealm":null,"formSubmitURL":"https://studiolab.sagemaker.aws","usernameField":"username","passwordField":"password","encryptedUsername":"MFIEEPgAAAAAAAAAAAAAAAAAAAEwFAYIKoZIhvcNAwcECDkUO72tfISrBCi4/QsSD8D2j/RLsVK7KGmWu92eLcnfZvrY+jSbWFOHv4k6aA8y5MK6","encryptedPassword":"MDoEEPgAAAAAAAAAAAAAAAAAAAEwFAYIKoZIhvcNAwcECE4WbqmFK3L1BBBuNwFWatLXhqcvFqch1P9t","guid":"{4aefa805-1182-44be-a609-87a0e0c7d1cf}","encType":1,"timeCreated":1734133027561,"timeLastUsed":1734133027561,"timePasswordChanged":1734133027561,"timesUsed":1,"syncCounter":1,"everSynced":false,"encryptedUnknownFields":"MDIEEPgAAAAAAAAAAAAAAAAAAAEwFAYIKoZIhvcNAwcECAAeL7uo2UWRBAiLUb7iBfm2iQ=="},{"id":99,"hostname":"https://studiolab.sagemaker.aws","httpRealm":null,"formSubmitURL":"https://studiolab.sagemaker.aws","usernameField":"username","passwordField":"password","encryptedUsername":"MEoEEPgAAAAAAAAAAAAAAAAAAAEwFAYIKoZIhvcNAwcECF21GxUMl/1hBCDNLnW3x5bV6UAJ3McE9/YfWlL6mikVJAPrz3RK96/0vw==","encryptedPassword":"MDoEEPgAAAAAAAAAAAAAAAAAAAEwFAYIKoZIhvcNAwcECDhGzan4c8aTBBC+sGHi5gbN7tVg5J3LIa4u","guid":"{6110bfad-4491-42de-9919-6c42cf8ea3b0}","encType":1,"timeCreated":1734133061922,"timeLastUsed":1734133061922,"timePasswordChanged":1734133061922,"timesUsed":1,"syncCounter":3,"everSynced":false,"encryptedUnknownFields":null},{"id":100,"hostname":"https://studiolab.sagemaker.aws","httpRealm":null,"formSubmitURL":"https://studiolab.sagemaker.aws","usernameField":"username","passwordField":"password","encryptedUsername":"MEoEEPgAAAAAAAAAAAAAAAAAAAEwFAYIKoZIhvcNAwcECK82a/OINZI5BCBEsVDhKrK/TDB2px1li8fAuDWBj1Z9sbWT/NZt7klDJA==","encryptedPassword":"MDoEEPgAAAAAAAAAAAAAAAAAAAEwFAYIKoZIhvcNAwcECLN+nJ+YY279BBDXVUIuh/znEAyXXfUzNUIp","guid":"{b1910462-9a1c-433a-bb0d-803963b6e2a4}","encType":1,"timeCreated":1734133386697,"timeLastUsed":1734133386697,"timePasswordChanged":1734133386697,"timesUsed":1,"syncCounter":1,"everSynced":false,"encryptedUnknownFields":"MDIEEPgAAAAAAAAAAAAAAAAAAAEwFAYIKoZIhvcNAwcECIq1+lYxam/3BAirmQi/5omVQw=="},{"id":101,"hostname":"https://studiolab.sagemaker.aws","httpRealm":null,"formSubmitURL":"https://studiolab.sagemaker.aws","usernameField":"username","passwordField":"password","encryptedUsername":"MEoEEPgAAAAAAAAAAAAAAAAAAAEwFAYIKoZIhvcNAwcECG9/8Ea6cAsEBCDxOSrdqnyS5h8Dm8s45D/x9B/eCfKpD8cYYwak7GOpuQ==","encryptedPassword":"MDoEEPgAAAAAAAAAAAAAAAAAAAEwFAYIKoZIhvcNAwcECCTL5s3LCFvmBBCTyvuv8FeAHyFYvS13v18P","guid":"{84a6154e-d39f-459d-b0dd-18e60cf53823}","encType":1,"timeCreated":1734133413237,"timeLastUsed":1734133413237,"timePasswordChanged":1734133413237,"timesUsed":1,"syncCounter":1,"everSynced":false,"encryptedUnknownFields":"MDIEEPgAAAAAAAAAAAAAAAAAAAEwFAYIKoZIhvcNAwcECBI2UFNcmjCwBAjWpsJhCEEdSA=="},{"id":102,"hostname":"https://studiolab.sagemaker.aws","httpRealm":null,"formSubmitURL":"https://studiolab.sagemaker.aws","usernameField":"username","passwordField":"password","encryptedUsername":"MFIEEPgAAAAAAAAAAAAAAAAAAAEwFAYIKoZIhvcNAwcECEr7Kwh4nNm3BCguIIGao9te1WfTo9cfEP9QY212ws46/wKOt+dCNi2Dj5fdmj1vNvDE","encryptedPassword":"MDoEEPgAAAAAAAAAAAAAAAAAAAEwFAYIKoZIhvcNAwcECNoIHYTEZJPgBBBE/Wy+njvOZ0Ymi1qO87RE","guid":"{c4ab8948-413b-4747-8a54-618e293e256f}","encType":1,"timeCreated":1734133472884,"timeLastUsed":1734133472884,"timePasswordChanged":1734133472884,"timesUsed":1,"syncCounter":1,"everSynced":false,"encryptedUnknownFields":"MDIEEPgAAAAAAAAAAAAAAAAAAAEwFAYIKoZIhvcNAwcECON+D+DdmIiCBAiE9DoWwX/Wgw=="},{"id":103,"hostname":"https://studiolab.sagemaker.aws","httpRealm":null,"formSubmitURL":"https://studiolab.sagemaker.aws","usernameField":"username","passwordField":"password","encryptedUsername":"MFIEEPgAAAAAAAAAAAAAAAAAAAEwFAYIKoZIhvcNAwcECDUblZck/8d8BCiYgvp9ngLhz5yXrYEcgB6/3xGaFaTQ2+PFxdMTIPfNw68MCFkof351","encryptedPassword":"MDoEEPgAAAAAAAAAAAAAAAAAAAEwFAYIKoZIhvcNAwcECNXfkqn9zz4+BBC8bpnGRawyMyFbwxPNLpkx","guid":"{bd296a3e-ec1b-4c41-8feb-4d8f7271f943}","encType":1,"timeCreated":1734133536273,"timeLastUsed":1734133536273,"timePasswordChanged":1734133536273,"timesUsed":1,"syncCounter":1,"everSynced":false,"encryptedUnknownFields":"MDIEEPgAAAAAAAAAAAAAAAAAAAEwFAYIKoZIhvcNAwcECCFSwHIkn9S5BAj/Bl27Z8Assw=="},{"id":104,"hostname":"https://studiolab.sagemaker.aws","httpRealm":null,"formSubmitURL":"https://studiolab.sagemaker.aws","usernameField":"username","passwordField":"password","encryptedUsername":"MFIEEPgAAAAAAAAAAAAAAAAAAAEwFAYIKoZIhvcNAwcECEiti0OvjV5QBCgdt3Hx0KfDqgMzBtxcXOgL8DyxvTDsbhd6tHu5q8jzD0RY7wjax8IK","encryptedPassword":"MDoEEPgAAAAAAAAAAAAAAAAAAAEwFAYIKoZIhvcNAwcECBYIhey48CVrBBAA0EE8toUOQE70sPILX+Bs","guid":"{445e51c4-d8ca-4a19-b115-4551ad1ccf30}","encType":1,"timeCreated":1734133907356,"timeLastUsed":1734133907356,"timePasswordChanged":1734133907356,"timesUsed":1,"syncCounter":2,"everSynced":false,"encryptedUnknownFields":null},{"id":105,"hostname":"https://studiolab.sagemaker.aws","httpRealm":null,"formSubmitURL":"https://studiolab.sagemaker.aws","usernameField":"username","passwordField":"password","encryptedUsername":"MEoEEPgAAAAAAAAAAAAAAAAAAAEwFAYIKoZIhvcNAwcECEi9hVaPrSjpBCCNvdqNhbQvth+KUuqZYSVBMxsEBNV4ydUu5uGdMG3ZvA==","encryptedPassword":"MDoEEPgAAAAAAAAAAAAAAAAAAAEwFAYIKoZIhvcNAwcECEqJmRH8NG3ZBBBJjpImZxSiQhkU8maWW+Ql","guid":"{66f446a7-921b-4acf-b5b1-9bd313b39b6c}","encType":1,"timeCreated":1734133981368,"timeLastUsed":1734133981368,"timePasswordChanged":1734133981368,"timesUsed":1,"syncCounter":1,"everSynced":false,"encryptedUnknownFields":"MDIEEPgAAAAAAAAAAAAAAAAAAAEwFAYIKoZIhvcNAwcECLsao+NUY7CfBAj7k1kJ0BJ0eg=="},{"id":106,"hostname":"https://studiolab.sagemaker.aws","httpRealm":null,"formSubmitURL":"https://studiolab.sagemaker.aws","usernameField":"username","passwordField":"password","encryptedUsername":"MFIEEPgAAAAAAAAAAAAAAAAAAAEwFAYIKoZIhvcNAwcECGpaya5Eho+HBCi8EfK479rD+KT5WoIv4BdY481die7rQlNtyqx9H2V1rZ9f2mzDAhL4","encryptedPassword":"MDoEEPgAAAAAAAAAAAAAAAAAAAEwFAYIKoZIhvcNAwcECAddBb4e+HVfBBCCwjsav6H5tXrg0eP1Dr4u","guid":"{68435fb7-af3c-43fc-b680-df9d60eacdb6}","encType":1,"timeCreated":1734134029894,"timeLastUsed":1734134029894,"timePasswordChanged":1734134029894,"timesUsed":1,"syncCounter":1,"everSynced":false,"encryptedUnknownFields":"MDIEEPgAAAAAAAAAAAAAAAAAAAEwFAYIKoZIhvcNAwcECM5smVemHCXbBAibLZ4kVg/F8g=="},{"id":107,"hostname":"https://studiolab.sagemaker.aws","httpRealm":null,"formSubmitURL":"https://studiolab.sagemaker.aws","usernameField":"username","passwordField":"password","encryptedUsername":"MEoEEPgAAAAAAAAAAAAAAAAAAAEwFAYIKoZIhvcNAwcECP8faRGfWq1+BCBmWEn5fV4GBF0RpVUIHMzhSHiBzzJMUJe433vbRr/KKg==","encryptedPassword":"MDoEEPgAAAAAAAAAAAAAAAAAAAEwFAYIKoZIhvcNAwcECE1lKuae8rs3BBBP7Hfp/wStz41zIZ/GtVda","guid":"{55f84d60-ff9e-4ebd-87a7-e174419857a4}","encType":1,"timeCreated":1734134069140,"timeLastUsed":1734134069140,"timePasswordChanged":1734134069140,"timesUsed":1,"syncCounter":3,"everSynced":false,"encryptedUnknownFields":null},{"id":108,"hostname":"https://studiolab.sagemaker.aws","httpRealm":null,"formSubmitURL":"https://studiolab.sagemaker.aws","usernameField":"username","passwordField":"password","encryptedUsername":"MEoEEPgAAAAAAAAAAAAAAAAAAAEwFAYIKoZIhvcNAwcECC0oRYYnolKMBCAyR/4+BgiXQhTvPOC27pxt9On3qlR57V0xA17cfMKNKA==","encryptedPassword":"MDoEEPgAAAAAAAAAAAAAAAAAAAEwFAYIKoZIhvcNAwcECD/bFvwAg4i4BBAS7D8wyTDRcJ7VhRNjNV+a","guid":"{3a3662f8-bede-449b-afa1-3a18597b59ef}","encType":1,"timeCreated":1734134720764,"timeLastUsed":1734134720764,"timePasswordChanged":1734134720764,"timesUsed":1,"syncCounter":1,"everSynced":false,"encryptedUnknownFields":"MDIEEPgAAAAAAAAAAAAAAAAAAAEwFAYIKoZIhvcNAwcECB6kX+KOACYDBAjZ6DPYneFgow=="},{"id":109,"hostname":"https://studiolab.sagemaker.aws","httpRealm":null,"formSubmitURL":"https://studiolab.sagemaker.aws","usernameField":"username","passwordField":"password","encryptedUsername":"MEIEEPgAAAAAAAAAAAAAAAAAAAEwFAYIKoZIhvcNAwcECNFL6e1zaUs7BBg9a+agBtFk8qcq/WyUoOmvtrmBXL71ubA=","encryptedPassword":"MDoEEPgAAAAAAAAAAAAAAAAAAAEwFAYIKoZIhvcNAwcECNeVUaK+OXv5BBDlRsP4kSGOKBIOV4938iCE","guid":"{64f4700e-f54d-4f57-82d5-f70cc0e1ce2c}","encType":1,"timeCreated":1734135158814,"timeLastUsed":1734135158814,"timePasswordChanged":1734135158814,"timesUsed":1,"syncCounter":1,"everSynced":false,"encryptedUnknownFields":"MDIEEPgAAAAAAAAAAAAAAAAAAAEwFAYIKoZIhvcNAwcECIuJQ6KB+x0PBAiDlW2bLGWf8A=="},{"id":110,"hostname":"https://studiolab.sagemaker.aws","httpRealm":null,"formSubmitURL":"https://studiolab.sagemaker.aws","usernameField":"username","passwordField":"password","encryptedUsername":"MEoEEPgAAAAAAAAAAAAAAAAAAAEwFAYIKoZIhvcNAwcECP8g1HEFaAi7BCADxdOtKucmRtjVLWiLdaqafFyRym7FHqIFnv8Ts5HhMw==","encryptedPassword":"MDoEEPgAAAAAAAAAAAAAAAAAAAEwFAYIKoZIhvcNAwcECGb3F4TqW4pcBBBOahFGFf/LD287waig11lA","guid":"{4eecb7ef-4529-4a50-bad8-ff26b0eb7aa1}","encType":1,"timeCreated":1734135282301,"timeLastUsed":1734135282301,"timePasswordChanged":1734135282301,"timesUsed":1,"syncCounter":1,"everSynced":false,"encryptedUnknownFields":"MDIEEPgAAAAAAAAAAAAAAAAAAAEwFAYIKoZIhvcNAwcECJEdCdLV/MOLBAiB6WI/fsYTBA=="},{"id":111,"hostname":"https://studiolab.sagemaker.aws","httpRealm":null,"formSubmitURL":"https://studiolab.sagemaker.aws","usernameField":"username","passwordField":"password","encryptedUsername":"MEoEEPgAAAAAAAAAAAAAAAAAAAEwFAYIKoZIhvcNAwcECPfuk9MmsWfaBCDzaiQ+r0hIbeOpz5A1+yVHuaput+JqV/I0dMvDWGKcHg==","encryptedPassword":"MDoEEPgAAAAAAAAAAAAAAAAAAAEwFAYIKoZIhvcNAwcECBTh7iVsWcA/BBAsxdnprm6wnjDCNBP4BzDH","guid":"{02344d28-b08b-4459-8414-b4b75b6c1d91}","encType":1,"timeCreated":1734135389219,"timeLastUsed":1734135389219,"timePasswordChanged":1734135389219,"timesUsed":1,"syncCounter":1,"everSynced":false,"encryptedUnknownFields":"MDIEEPgAAAAAAAAAAAAAAAAAAAEwFAYIKoZIhvcNAwcECEdr0WM2m9d6BAgZAfHfy7+jlw=="},{"id":112,"hostname":"https://studiolab.sagemaker.aws","httpRealm":null,"formSubmitURL":"https://studiolab.sagemaker.aws","usernameField":"username","passwordField":"password","encryptedUsername":"MEoEEPgAAAAAAAAAAAAAAAAAAAEwFAYIKoZIhvcNAwcECBb7GCC+z8kwBCA6YxmQLhEhcfIMnSzi6d1/qVsmsGXsPqr1a6Fynv+Y3Q==","encryptedPassword":"MDoEEPgAAAAAAAAAAAAAAAAAAAEwFAYIKoZIhvcNAwcECEURRLVSRzyBBBBy1eEbEif++cAyOmJhOwVi","guid":"{a58db565-24f1-4d23-92ec-83217c39b84a}","encType":1,"timeCreated":1734135465595,"timeLastUsed":1734135465595,"timePasswordChanged":1734135465595,"timesUsed":1,"syncCounter":1,"everSynced":false,"encryptedUnknownFields":"MDIEEPgAAAAAAAAAAAAAAAAAAAEwFAYIKoZIhvcNAwcECBprAvzWz+rGBAiNr3y8V9jKCg=="},{"id":113,"hostname":"https://studiolab.sagemaker.aws","httpRealm":null,"formSubmitURL":"https://studiolab.sagemaker.aws","usernameField":"username","passwordField":"password","encryptedUsername":"MEIEEPgAAAAAAAAAAAAAAAAAAAEwFAYIKoZIhvcNAwcECA43EisJ0g/wBBhU9MaBP63Bs5JMEQgQq8/K+YE/79J5FbE=","encryptedPassword":"MDoEEPgAAAAAAAAAAAAAAAAAAAEwFAYIKoZIhvcNAwcECIfeglTMhGR0BBCqcChWnktWIQye23IzzTs3","guid":"{d619150b-2b6a-4fe9-9a97-2d7559261eaa}","encType":1,"timeCreated":1734135494608,"timeLastUsed":1734135494608,"timePasswordChanged":1734135494608,"timesUsed":1,"syncCounter":1,"everSynced":false,"encryptedUnknownFields":"MDIEEPgAAAAAAAAAAAAAAAAAAAEwFAYIKoZIhvcNAwcECL6dic/T8GvIBAgmKtnWljBeGg=="},{"id":114,"hostname":"https://studiolab.sagemaker.aws","httpRealm":null,"formSubmitURL":"https://studiolab.sagemaker.aws","usernameField":"username","passwordField":"password","encryptedUsername":"MEoEEPgAAAAAAAAAAAAAAAAAAAEwFAYIKoZIhvcNAwcECIuMLdQ123ZQBCDIUMK6vjpy5smzNgC+Z82C3i3BREpF1IhJuiAkQq+F2w==","encryptedPassword":"MDoEEPgAAAAAAAAAAAAAAAAAAAEwFAYIKoZIhvcNAwcECEMZydUnO59WBBDreeWfS/0Vr36Gdp3JC1iI","guid":"{5130a4a1-191d-4c1d-bda6-434f4fbcbf13}","encType":1,"timeCreated":1734135524570,"timeLastUsed":1734135524570,"timePasswordChanged":1734135524570,"timesUsed":1,"syncCounter":1,"everSynced":false,"encryptedUnknownFields":"MDIEEPgAAAAAAAAAAAAAAAAAAAEwFAYIKoZIhvcNAwcECCXpc4Kz+dp+BAg7luG6pilTmw=="},{"id":115,"hostname":"https://studiolab.sagemaker.aws","httpRealm":null,"formSubmitURL":"https://studiolab.sagemaker.aws","usernameField":"username","passwordField":"password","encryptedUsername":"MEIEEPgAAAAAAAAAAAAAAAAAAAEwFAYIKoZIhvcNAwcECDkhVHkb1BIeBBhsoG+LFbQOt15+99ujE2Hd9mb00DWwXqc=","encryptedPassword":"MDoEEPgAAAAAAAAAAAAAAAAAAAEwFAYIKoZIhvcNAwcECIh0NqAK0QR6BBD5DWcAzcApJXnT5PoPROUL","guid":"{b3adf2b8-f1da-4c42-92af-e1d487709de7}","encType":1,"timeCreated":1734135544533,"timeLastUsed":1734135544533,"timePasswordChanged":1734135544533,"timesUsed":1,"syncCounter":1,"everSynced":false,"encryptedUnknownFields":"MDIEEPgAAAAAAAAAAAAAAAAAAAEwFAYIKoZIhvcNAwcECEpfnxompF9mBAidl8lFXiQfrw=="},{"id":116,"hostname":"https://studiolab.sagemaker.aws","httpRealm":null,"formSubmitURL":"https://studiolab.sagemaker.aws","usernameField":"username","passwordField":"password","encryptedUsername":"MEoEEPgAAAAAAAAAAAAAAAAAAAEwFAYIKoZIhvcNAwcECEraxkmSVfxIBCB35T4rt8xdk3WK6ueJR+T8MyRorJcfYIFJg1LAd4NS8A==","encryptedPassword":"MDoEEPgAAAAAAAAAAAAAAAAAAAEwFAYIKoZIhvcNAwcECGZDnDLpnXx3BBBFDaOOYSJlaGRf6z2UXLQN","guid":"{c6eb1c59-d8b5-47be-986c-9755ab60e71a}","encType":1,"timeCreated":1734135589970,"timeLastUsed":1734135589970,"timePasswordChanged":1734135589970,"timesUsed":1,"syncCounter":1,"everSynced":false,"encryptedUnknownFields":"MDIEEPgAAAAAAAAAAAAAAAAAAAEwFAYIKoZIhvcNAwcECDPsYhpw+hN/BAibQEFD5NpMtQ=="},{"id":117,"hostname":"https://studiolab.sagemaker.aws","httpRealm":null,"formSubmitURL":"https://studiolab.sagemaker.aws","usernameField":"username","passwordField":"password","encryptedUsername":"MEoEEPgAAAAAAAAAAAAAAAAAAAEwFAYIKoZIhvcNAwcECINqOppznF4kBCBwTRkcBj9dh91XMLEOEhFDk4kVqcCbCeri2Q9qpTyiCQ==","encryptedPassword":"MDoEEPgAAAAAAAAAAAAAAAAAAAEwFAYIKoZIhvcNAwcECH7QnRp3eHTRBBDMKlUt6Eyhk1QKrVm1LkcF","guid":"{fea385ce-8bd4-468c-a259-e25cfe760b5b}","encType":1,"timeCreated":1734135829195,"timeLastUsed":1734135829195,"timePasswordChanged":1734135829195,"timesUsed":1,"syncCounter":1,"everSynced":false,"encryptedUnknownFields":"MDIEEPgAAAAAAAAAAAAAAAAAAAEwFAYIKoZIhvcNAwcECG7xeUgpQaVgBAhCYvb4z9cPww=="},{"id":118,"hostname":"https://studiolab.sagemaker.aws","httpRealm":null,"formSubmitURL":"https://studiolab.sagemaker.aws","usernameField":"username","passwordField":"password","encryptedUsername":"MEIEEPgAAAAAAAAAAAAAAAAAAAEwFAYIKoZIhvcNAwcECMFHDnMeknS8BBiIvru8tQIsPcbKkYuqJo3bWm0CfMdQhps=","encryptedPassword":"MDoEEPgAAAAAAAAAAAAAAAAAAAEwFAYIKoZIhvcNAwcECGsqljG1TAMeBBD4shMELIiCzIokAvy7FNK2","guid":"{8fe6ced3-c312-488f-97c3-231ca00791a5}","encType":1,"timeCreated":1734135855494,"timeLastUsed":1734135855494,"timePasswordChanged":1734135855494,"timesUsed":1,"syncCounter":1,"everSynced":false,"encryptedUnknownFields":"MDIEEPgAAAAAAAAAAAAAAAAAAAEwFAYIKoZIhvcNAwcECLUqFDqRWLjlBAjpo6dbcAsGMg=="},{"id":119,"hostname":"https://studiolab.sagemaker.aws","httpRealm":null,"formSubmitURL":"https://studiolab.sagemaker.aws","usernameField":"username","passwordField":"password","encryptedUsername":"MEoEEPgAAAAAAAAAAAAAAAAAAAEwFAYIKoZIhvcNAwcECIGqw3wMgN46BCDYEjYJbWT9zC4yiNhmJDw+RZCceIS4keMoxUGb/rrowA==","encryptedPassword":"MDoEEPgAAAAAAAAAAAAAAAAAAAEwFAYIKoZIhvcNAwcECBgdEXfhJP6pBBBFqbw73enSailTOO8oXm6q","guid":"{3af46eb1-3ab4-495a-89e9-50efb239d1c1}","encType":1,"timeCreated":1734135901768,"timeLastUsed":1734135901768,"timePasswordChanged":1734135901768,"timesUsed":1,"syncCounter":1,"everSynced":false,"encryptedUnknownFields":"MDIEEPgAAAAAAAAAAAAAAAAAAAEwFAYIKoZIhvcNAwcECJtupXQdqXPlBAh0wW4rhi1dng=="},{"id":120,"hostname":"https://studiolab.sagemaker.aws","httpRealm":null,"formSubmitURL":"https://studiolab.sagemaker.aws","usernameField":"username","passwordField":"password","encryptedUsername":"MEoEEPgAAAAAAAAAAAAAAAAAAAEwFAYIKoZIhvcNAwcECHX3y1qPyzhhBCBB/e2LtPdBCdHs72QxC3A9HvCzpeNj+CD3zMaIG691YA==","encryptedPassword":"MDoEEPgAAAAAAAAAAAAAAAAAAAEwFAYIKoZIhvcNAwcECCdhOzS2jYsCBBDhffpnMCzGy+R3wK6K8zBg","guid":"{0281d3da-a5af-49c6-b6a5-3db65130f7ad}","encType":1,"timeCreated":1734135934369,"timeLastUsed":1734135934369,"timePasswordChanged":1734135934369,"timesUsed":1,"syncCounter":1,"everSynced":false,"encryptedUnknownFields":"MDIEEPgAAAAAAAAAAAAAAAAAAAEwFAYIKoZIhvcNAwcECFHD853r1zk/BAjcCVWGK/G6Bg=="},{"id":121,"hostname":"https://studiolab.sagemaker.aws","httpRealm":null,"formSubmitURL":"https://studiolab.sagemaker.aws","usernameField":"username","passwordField":"password","encryptedUsername":"MEoEEPgAAAAAAAAAAAAAAAAAAAEwFAYIKoZIhvcNAwcECMdjhby4OPdVBCDwMk9ErquSVVBSs8sOIb46SWpJA44JrirCkLgyaUDWRA==","encryptedPassword":"MDoEEPgAAAAAAAAAAAAAAAAAAAEwFAYIKoZIhvcNAwcECHhRBsaNUYGGBBBfQ1UgOwS3xHr+1XppVPhJ","guid":"{08d9f1bc-769e-4f1a-9c2e-58c98179dd23}","encType":1,"timeCreated":1734136531237,"timeLastUsed":1734136531237,"timePasswordChanged":1734136531237,"timesUsed":1,"syncCounter":1,"everSynced":false,"encryptedUnknownFields":"MDIEEPgAAAAAAAAAAAAAAAAAAAEwFAYIKoZIhvcNAwcECMHCkxupGf9gBAj1yCi2DmGOuQ=="}],"potentiallyVulnerablePasswords":[],"dismissedBreachAlertsByLoginGUID":{},"version":3}