{"nextId":58,"logins":[{"id":29,"hostname":"https://studiolab.sagemaker.aws","httpRealm":null,"formSubmitURL":"https://studiolab.sagemaker.aws","usernameField":"username","passwordField":"password","encryptedUsername":"MFIEEPgAAAAAAAAAAAAAAAAAAAEwFAYIKoZIhvcNAwcECG3zFYBLv5NBBCgXykq6iPF6b1pzxzKa/9aUNAZk2T6E/x/IP6RVqzHXXHx9Kz6/Mhae","encryptedPassword":"MDoEEPgAAAAAAAAAAAAAAAAAAAEwFAYIKoZIhvcNAwcECKLICmMYpRChBBA54iiWi7P3xmdr81uyyd5P","guid":"{df3a5453-26bd-427c-8bc8-7488fa8e2d84}","encType":1,"timeCreated":1734063763284,"timeLastUsed":1734063763284,"timePasswordChanged":1734063763284,"timesUsed":1,"syncCounter":1,"everSynced":false,"encryptedUnknownFields":"MDIEEPgAAAAAAAAAAAAAAAAAAAEwFAYIKoZIhvcNAwcECNsoYk8QI00GBAg7eph0oZxgHg=="},{"id":30,"hostname":"https://studiolab.sagemaker.aws","httpRealm":null,"formSubmitURL":"https://studiolab.sagemaker.aws","usernameField":"username","passwordField":"password","encryptedUsername":"MFIEEPgAAAAAAAAAAAAAAAAAAAEwFAYIKoZIhvcNAwcECGhQTYyloMA4BCitqQthUTphIJnkf3UIGhl/7Q3f7C6VT16475ZDztgCaGy4+nVbuvhX","encryptedPassword":"MDoEEPgAAAAAAAAAAAAAAAAAAAEwFAYIKoZIhvcNAwcECO6BUPM2bhEHBBCgwSXv8dY10tvcb3cZK7yU","guid":"{95b8e3da-c857-401f-88ec-fed1144ecc11}","encType":1,"timeCreated":1734064229098,"timeLastUsed":1734064229098,"timePasswordChanged":1734064229098,"timesUsed":1,"syncCounter":1,"everSynced":false,"encryptedUnknownFields":"MDIEEPgAAAAAAAAAAAAAAAAAAAEwFAYIKoZIhvcNAwcECKBv3pF5qcR4BAgYRsViIM8ZhQ=="},{"id":31,"hostname":"https://studiolab.sagemaker.aws","httpRealm":null,"formSubmitURL":"https://studiolab.sagemaker.aws","usernameField":"username","passwordField":"password","encryptedUsername":"MFIEEPgAAAAAAAAAAAAAAAAAAAEwFAYIKoZIhvcNAwcECJKHEG0HtMjZBChlXuo0q4y4PrO8YIodGQ1s9Tq6zZWviBoc0c4RBGONrIgZP6xX2HAE","encryptedPassword":"MDoEEPgAAAAAAAAAAAAAAAAAAAEwFAYIKoZIhvcNAwcECPfoGyxhsPsgBBAsjP9yFfBb6lKMxUQXeRks","guid":"{cb3f9f39-5499-4f9a-8733-f8668d9b995c}","encType":1,"timeCreated":1734064287475,"timeLastUsed":1734064287475,"timePasswordChanged":1734064287475,"timesUsed":1,"syncCounter":1,"everSynced":false,"encryptedUnknownFields":"MDIEEPgAAAAAAAAAAAAAAAAAAAEwFAYIKoZIhvcNAwcECAgnzXxoEw4hBAiJQUpQkttHDw=="},{"id":32,"hostname":"https://studiolab.sagemaker.aws","httpRealm":null,"formSubmitURL":"https://studiolab.sagemaker.aws","usernameField":"username","passwordField":"password","encryptedUsername":"MFIEEPgAAAAAAAAAAAAAAAAAAAEwFAYIKoZIhvcNAwcECOL7HuSL1mwgBCi6cO9NFgEsyB+XDSMxgg4Q1+5pmh77olMjANvBzueaU3+C6CpN59JL","encryptedPassword":"MDoEEPgAAAAAAAAAAAAAAAAAAAEwFAYIKoZIhvcNAwcECG887850+yWTBBA/HiaURr+IsZmFDiixXE1L","guid":"{52cd9b39-81f4-498e-8b8f-c52af3eee974}","encType":1,"timeCreated":1734064307256,"timeLastUsed":1734064307256,"timePasswordChanged":1734064307256,"timesUsed":1,"syncCounter":1,"everSynced":false,"encryptedUnknownFields":"MDIEEPgAAAAAAAAAAAAAAAAAAAEwFAYIKoZIhvcNAwcECBSnNFDpL+2WBAjJYOMKP/mpPA=="},{"id":33,"hostname":"https://studiolab.sagemaker.aws","httpRealm":null,"formSubmitURL":"https://studiolab.sagemaker.aws","usernameField":"username","passwordField":"password","encryptedUsername":"MFIEEPgAAAAAAAAAAAAAAAAAAAEwFAYIKoZIhvcNAwcECGpOgYvGaqeXBCjg5fkvz3DSkUF9sCWMxk3nqQIeGp4Xm965963iXalmF5po32FAwDMC","encryptedPassword":"MDoEEPgAAAAAAAAAAAAAAAAAAAEwFAYIKoZIhvcNAwcECEm2DdN5xbtTBBCWXkC2jXmxmXdvS6Sko1S1","guid":"{c9a8fd40-fb72-4f4f-a096-e8ada1a252f6}","encType":1,"timeCreated":1734064348259,"timeLastUsed":1734064348259,"timePasswordChanged":1734064348259,"timesUsed":1,"syncCounter":1,"everSynced":false,"encryptedUnknownFields":"MDIEEPgAAAAAAAAAAAAAAAAAAAEwFAYIKoZIhvcNAwcECOZNNVVendgnBAj2RfCi8iMFjw=="},{"id":34,"hostname":"https://studiolab.sagemaker.aws","httpRealm":null,"formSubmitURL":"https://studiolab.sagemaker.aws","usernameField":"username","passwordField":"password","encryptedUsername":"MFIEEPgAAAAAAAAAAAAAAAAAAAEwFAYIKoZIhvcNAwcECKMaRSGECarrBCjjZG9O4TdxhJeeW7S9f+JmRM+pdPLa1vSQvpBgcPmMO5hKM+sRXSqW","encryptedPassword":"MDoEEPgAAAAAAAAAAAAAAAAAAAEwFAYIKoZIhvcNAwcECBk91MYjGUtMBBDXqJdk7AjYpi6g6u/Ws2F3","guid":"{ddb228f5-061b-4d04-973a-ec6933b48dac}","encType":1,"timeCreated":1734064874220,"timeLastUsed":1734064874220,"timePasswordChanged":1734064874220,"timesUsed":1,"syncCounter":1,"everSynced":false,"encryptedUnknownFields":"MDIEEPgAAAAAAAAAAAAAAAAAAAEwFAYIKoZIhvcNAwcECCQRtCjHB1r4BAhBPmyd7SSa3w=="},{"id":35,"hostname":"https://studiolab.sagemaker.aws","httpRealm":null,"formSubmitURL":"https://studiolab.sagemaker.aws","usernameField":"username","passwordField":"password","encryptedUsername":"MEoEEPgAAAAAAAAAAAAAAAAAAAEwFAYIKoZIhvcNAwcECKCuCrbycfgSBCCh/xd7ZVW12PMwcratiLn46flWA+rDX1qeivDiatatMA==","encryptedPassword":"MDoEEPgAAAAAAAAAAAAAAAAAAAEwFAYIKoZIhvcNAwcECGT8Y3BY/Rh6BBAZxu51qNs/Y/8B2tX2PlL9","guid":"{b07301f9-4ef7-4316-af03-e23b9eefa8f7}","encType":1,"timeCreated":1734064900941,"timeLastUsed":1734064900941,"timePasswordChanged":1734064900941,"timesUsed":1,"syncCounter":1,"everSynced":false,"encryptedUnknownFields":"MDIEEPgAAAAAAAAAAAAAAAAAAAEwFAYIKoZIhvcNAwcECJ3lw+GP5OVrBAivtQmvqw33LA=="},{"id":36,"hostname":"https://studiolab.sagemaker.aws","httpRealm":null,"formSubmitURL":"https://studiolab.sagemaker.aws","usernameField":"username","passwordField":"password","encryptedUsername":"MFIEEPgAAAAAAAAAAAAAAAAAAAEwFAYIKoZIhvcNAwcECBetz+q2M3iOBCgBJgf0egM1AJxYWIu1nS5oEkcZLxe6CpUORI6k81XN0eq054yYy7wW","encryptedPassword":"MDoEEPgAAAAAAAAAAAAAAAAAAAEwFAYIKoZIhvcNAwcECFiMA7bSbv4MBBAJlDjrq/NgwPPzSfluwA6Q","guid":"{f55f1f2c-3c61-4e20-ae04-2170ad1eabe8}","encType":1,"timeCreated":1734064928619,"timeLastUsed":1734064928619,"timePasswordChanged":1734064928619,"timesUsed":1,"syncCounter":1,"everSynced":false,"encryptedUnknownFields":"MDIEEPgAAAAAAAAAAAAAAAAAAAEwFAYIKoZIhvcNAwcECAFcVyP6HvLyBAgSHunTMabwpA=="},{"id":37,"hostname":"https://studiolab.sagemaker.aws","httpRealm":null,"formSubmitURL":"https://studiolab.sagemaker.aws","usernameField":"username","passwordField":"password","encryptedUsername":"MEoEEPgAAAAAAAAAAAAAAAAAAAEwFAYIKoZIhvcNAwcECJgh1RaaILh1BCAMqPMfF7LojxFYEk4kvs3QQW0GFmgLP2c+YkRF4bay7w==","encryptedPassword":"MDoEEPgAAAAAAAAAAAAAAAAAAAEwFAYIKoZIhvcNAwcECI4BCkCXE/zOBBCn7zN+JvNlvV1UmGUdQOLt","guid":"{167bfec5-3dab-4efa-aa1a-09282bc8437e}","encType":1,"timeCreated":1734064966759,"timeLastUsed":1734064966759,"timePasswordChanged":1734064966759,"timesUsed":1,"syncCounter":1,"everSynced":false,"encryptedUnknownFields":"MDIEEPgAAAAAAAAAAAAAAAAAAAEwFAYIKoZIhvcNAwcECKGsq8LilL+UBAg1CVlLfzR1xA=="},{"id":38,"hostname":"https://studiolab.sagemaker.aws","httpRealm":null,"formSubmitURL":"https://studiolab.sagemaker.aws","usernameField":"username","passwordField":"password","encryptedUsername":"MEoEEPgAAAAAAAAAAAAAAAAAAAEwFAYIKoZIhvcNAwcECMijz3QZcukaBCDwTi4xYRfulWHEqkQxRlnlj4Dwlfvt/VrVwWSx9sXKYg==","encryptedPassword":"MDoEEPgAAAAAAAAAAAAAAAAAAAEwFAYIKoZIhvcNAwcECJaiweJ3qQtCBBAY5F79cyajX8hUANQpQrEM","guid":"{ce0e778f-6deb-4615-8818-cafdddf51482}","encType":1,"timeCreated":1734064989603,"timeLastUsed":1734064989603,"timePasswordChanged":1734064989603,"timesUsed":1,"syncCounter":1,"everSynced":false,"encryptedUnknownFields":"MDIEEPgAAAAAAAAAAAAAAAAAAAEwFAYIKoZIhvcNAwcECPtmBXaZ+aQyBAiEbbiwpq4OuQ=="},{"id":39,"hostname":"https://studiolab.sagemaker.aws","httpRealm":null,"formSubmitURL":"https://studiolab.sagemaker.aws","usernameField":"username","passwordField":"password","encryptedUsername":"MEoEEPgAAAAAAAAAAAAAAAAAAAEwFAYIKoZIhvcNAwcECJKISjnCAp1DBCBQBqv+ksu44AN39FV7tIiw5VMjpC49HzqZt5H3NJ9H5A==","encryptedPassword":"MDoEEPgAAAAAAAAAAAAAAAAAAAEwFAYIKoZIhvcNAwcECEeepElhpDAdBBBLxVm1yC7P8gKghWAPVtH0","guid":"{59c49924-b5ec-4bef-ac82-5d53df9d5099}","encType":1,"timeCreated":1734065044661,"timeLastUsed":1734065044661,"timePasswordChanged":1734065044661,"timesUsed":1,"syncCounter":1,"everSynced":false,"encryptedUnknownFields":"MDIEEPgAAAAAAAAAAAAAAAAAAAEwFAYIKoZIhvcNAwcECExzkjpFGGbEBAgf0ip6dWEXtA=="},{"id":40,"hostname":"https://studiolab.sagemaker.aws","httpRealm":null,"formSubmitURL":"https://studiolab.sagemaker.aws","usernameField":"username","passwordField":"password","encryptedUsername":"MEoEEPgAAAAAAAAAAAAAAAAAAAEwFAYIKoZIhvcNAwcECLX4fgZc21jtBCC0rUFZZ4e+wwb3kiEImjdCQviIOAlPzvgEX06fGs2oQQ==","encryptedPassword":"MDoEEPgAAAAAAAAAAAAAAAAAAAEwFAYIKoZIhvcNAwcECJr0+3xiREBmBBBEHlgfK1RMiP5efqTGEoZN","guid":"{0603f506-6346-4a3d-85d3-3dc0f354636b}","encType":1,"timeCreated":1734065071382,"timeLastUsed":1734065071382,"timePasswordChanged":1734065071382,"timesUsed":1,"syncCounter":1,"everSynced":false,"encryptedUnknownFields":"MDIEEPgAAAAAAAAAAAAAAAAAAAEwFAYIKoZIhvcNAwcECBsHmwMY8C4uBAj2YM8SOvzDCA=="},{"id":41,"hostname":"https://studiolab.sagemaker.aws","httpRealm":null,"formSubmitURL":"https://studiolab.sagemaker.aws","usernameField":"username","passwordField":"password","encryptedUsername":"MEoEEPgAAAAAAAAAAAAAAAAAAAEwFAYIKoZIhvcNAwcECNuJ3k1tAk6ABCBtLnCLc2UezkfWuY2lVS4+BxgsXqnxxi0/qb5SbymXVQ==","encryptedPassword":"MDoEEPgAAAAAAAAAAAAAAAAAAAEwFAYIKoZIhvcNAwcECC3ZZ52l0Wc0BBD1Jjkf9YKThVBTs9ufI5SZ","guid":"{373414d9-9a5a-43a5-8b6e-3ab62dc0ba44}","encType":1,"timeCreated":1734065131803,"timeLastUsed":1734065131803,"timePasswordChanged":1734065131803,"timesUsed":1,"syncCounter":1,"everSynced":false,"encryptedUnknownFields":"MDIEEPgAAAAAAAAAAAAAAAAAAAEwFAYIKoZIhvcNAwcECC+jRmXgKQCfBAi5NJKsfBSJDQ=="},{"id":42,"hostname":"https://studiolab.sagemaker.aws","httpRealm":null,"formSubmitURL":"https://studiolab.sagemaker.aws","usernameField":"username","passwordField":"password","encryptedUsername":"MFIEEPgAAAAAAAAAAAAAAAAAAAEwFAYIKoZIhvcNAwcECKUha7g8c0g4BCgtUM8eOT5Vq4kYFWDMvYxs+X/qQ6k3dC6F8ObPpynlXAisvWHpZrS0","encryptedPassword":"MDoEEPgAAAAAAAAAAAAAAAAAAAEwFAYIKoZIhvcNAwcECKMWsjCKFcd1BBA3wsVejFg9hYd5Nvmaw0xq","guid":"{e677578d-984f-4aab-8888-f1f85960c2c9}","encType":1,"timeCreated":1734065156074,"timeLastUsed":1734065156074,"timePasswordChanged":1734065156074,"timesUsed":1,"syncCounter":1,"everSynced":false,"encryptedUnknownFields":"MDIEEPgAAAAAAAAAAAAAAAAAAAEwFAYIKoZIhvcNAwcECP19pDiWSHE/BAjIGtDDofOa1A=="},{"id":43,"hostname":"https://studiolab.sagemaker.aws","httpRealm":null,"formSubmitURL":"https://studiolab.sagemaker.aws","usernameField":"username","passwordField":"password","encryptedUsername":"MFIEEPgAAAAAAAAAAAAAAAAAAAEwFAYIKoZIhvcNAwcECFju+8HOiVC2BCjtFFOl2DQAWpOkch/qxaIK9Lpt9cwgAzFciFv5WWM3lTa8w3JfZSEj","encryptedPassword":"MDoEEPgAAAAAAAAAAAAAAAAAAAEwFAYIKoZIhvcNAwcECMq9w4SeNSEkBBCxmuybtwp0Xd92ttodfpMN","guid":"{4f1c332e-44c4-4f64-b67a-5747f05661c1}","encType":1,"timeCreated":1734065183496,"timeLastUsed":1734065183496,"timePasswordChanged":1734065183496,"timesUsed":1,"syncCounter":1,"everSynced":false,"encryptedUnknownFields":"MDIEEPgAAAAAAAAAAAAAAAAAAAEwFAYIKoZIhvcNAwcECPXa9bgPL3b5BAhjzbUjrIfETw=="},{"id":44,"hostname":"https://studiolab.sagemaker.aws","httpRealm":null,"formSubmitURL":"https://studiolab.sagemaker.aws","usernameField":"username","passwordField":"password","encryptedUsername":"MFIEEPgAAAAAAAAAAAAAAAAAAAEwFAYIKoZIhvcNAwcECH359k2V9VUSBCj4AYBdjGkD7g+F7ua543IuzpVTVy89AjbMTQHz7zAv7IQx2d+yWXR5","encryptedPassword":"MDoEEPgAAAAAAAAAAAAAAAAAAAEwFAYIKoZIhvcNAwcECEsrD8NjGqDpBBAsBsLaGxd+o6pS63J/cwfM","guid":"{de435e80-9af2-4dfd-9848-5bff810bcad7}","encType":1,"timeCreated":1734065230462,"timeLastUsed":1734065230462,"timePasswordChanged":1734065230462,"timesUsed":1,"syncCounter":1,"everSynced":false,"encryptedUnknownFields":"MDIEEPgAAAAAAAAAAAAAAAAAAAEwFAYIKoZIhvcNAwcECFM6c9FTdC5sBAg7MMBHkoU4xw=="},{"id":45,"hostname":"https://studiolab.sagemaker.aws","httpRealm":null,"formSubmitURL":"https://studiolab.sagemaker.aws","usernameField":"username","passwordField":"password","encryptedUsername":"MFIEEPgAAAAAAAAAAAAAAAAAAAEwFAYIKoZIhvcNAwcECFWczgLfvuTzBCjpd6V0B17DH/A482RVjHvczNZ60yrVaqkZuvapQQqWecaoU1GW+eot","encryptedPassword":"MDoEEPgAAAAAAAAAAAAAAAAAAAEwFAYIKoZIhvcNAwcECI5xCOsUBxNpBBCuwCyFq9TVNass+IIOg4by","guid":"{cf0a1b02-95ee-4658-97e4-6fdd8ed9926b}","encType":1,"timeCreated":1734065321933,"timeLastUsed":1734065321933,"timePasswordChanged":1734065321933,"timesUsed":1,"syncCounter":1,"everSynced":false,"encryptedUnknownFields":"MDIEEPgAAAAAAAAAAAAAAAAAAAEwFAYIKoZIhvcNAwcECAbPfG9gFySaBAgVqqsZXf4fZQ=="},{"id":46,"hostname":"https://studiolab.sagemaker.aws","httpRealm":null,"formSubmitURL":"https://studiolab.sagemaker.aws","usernameField":"username","passwordField":"password","encryptedUsername":"MEoEEPgAAAAAAAAAAAAAAAAAAAEwFAYIKoZIhvcNAwcECNbE8Gq13x79BCAwKWcBNi9fHwk+n6RPbm8N+lPokHQmrPnWj+kimpPFIQ==","encryptedPassword":"MDoEEPgAAAAAAAAAAAAAAAAAAAEwFAYIKoZIhvcNAwcECO9QFWyFUpkpBBCdSB1dezUS+3emR9uJEjij","guid":"{e5ffc318-68a8-4040-b228-fbae42c7453f}","encType":1,"timeCreated":1734068085349,"timeLastUsed":1734068085349,"timePasswordChanged":1734068085349,"timesUsed":1,"syncCounter":1,"everSynced":false,"encryptedUnknownFields":"MDIEEPgAAAAAAAAAAAAAAAAAAAEwFAYIKoZIhvcNAwcECIavOQN3C67mBAg6BjgyBowv9w=="},{"id":47,"hostname":"https://studiolab.sagemaker.aws","httpRealm":null,"formSubmitURL":"https://studiolab.sagemaker.aws","usernameField":"username","passwordField":"password","encryptedUsername":"MEoEEPgAAAAAAAAAAAAAAAAAAAEwFAYIKoZIhvcNAwcECJf2aeHODwfIBCCsYbPGZdkzT/tiwwwPhQymRJ8hs7Gipn0B37jZQt0SLg==","encryptedPassword":"MDoEEPgAAAAAAAAAAAAAAAAAAAEwFAYIKoZIhvcNAwcECMMQWB91n0oeBBCtInr7j17+fo4LAqi4n7zB","guid":"{d173dd5d-b57e-4610-bfb5-d6f985fc2c76}","encType":1,"timeCreated":1734068106597,"timeLastUsed":1734068106597,"timePasswordChanged":1734068106597,"timesUsed":1,"syncCounter":1,"everSynced":false,"encryptedUnknownFields":"MDIEEPgAAAAAAAAAAAAAAAAAAAEwFAYIKoZIhvcNAwcECGdBWvNrovtvBAiqJfThC6YzNA=="},{"id":48,"hostname":"https://studiolab.sagemaker.aws","httpRealm":null,"formSubmitURL":"https://studiolab.sagemaker.aws","usernameField":"username","passwordField":"password","encryptedUsername":"MEoEEPgAAAAAAAAAAAAAAAAAAAEwFAYIKoZIhvcNAwcECOe3viOHSSDsBCCAeB1+oc50764LMrwhdIWWWSjDLEg9Hrjm0BuvV9SDNQ==","encryptedPassword":"MDoEEPgAAAAAAAAAAAAAAAAAAAEwFAYIKoZIhvcNAwcECL8KS9V/HT+qBBD6+IcZjBAgDuAvHPIdjprM","guid":"{ee51338f-96c2-4204-9076-709d4057e41e}","encType":1,"timeCreated":1734068147355,"timeLastUsed":1734068147355,"timePasswordChanged":1734068147355,"timesUsed":1,"syncCounter":1,"everSynced":false,"encryptedUnknownFields":"MDIEEPgAAAAAAAAAAAAAAAAAAAEwFAYIKoZIhvcNAwcECJgjW5EDRFDWBAiKXVvsNC811g=="},{"id":49,"hostname":"https://studiolab.sagemaker.aws","httpRealm":null,"formSubmitURL":"https://studiolab.sagemaker.aws","usernameField":"username","passwordField":"password","encryptedUsername":"MFIEEPgAAAAAAAAAAAAAAAAAAAEwFAYIKoZIhvcNAwcECHNHq6C7evw1BChuRXBF6a28XeQ5Rr5cRFUB9iVtAu2a+v7ghzWWPYRWMW9W2uLs79xk","encryptedPassword":"MDoEEPgAAAAAAAAAAAAAAAAAAAEwFAYIKoZIhvcNAwcECOrHjyqESTanBBAtyJXJLo10pN6mHAB6nhT6","guid":"{0a0a7102-8c34-42da-a221-351c79f8d469}","encType":1,"timeCreated":1734068168427,"timeLastUsed":1734068168427,"timePasswordChanged":1734068168427,"timesUsed":1,"syncCounter":1,"everSynced":false,"encryptedUnknownFields":"MDIEEPgAAAAAAAAAAAAAAAAAAAEwFAYIKoZIhvcNAwcECNneacJRgK4nBAi44aTcxSeNPw=="},{"id":50,"hostname":"https://studiolab.sagemaker.aws","httpRealm":null,"formSubmitURL":"https://studiolab.sagemaker.aws","usernameField":"username","passwordField":"password","encryptedUsername":"MFIEEPgAAAAAAAAAAAAAAAAAAAEwFAYIKoZIhvcNAwcECIcS25DpVrzlBChSdqq0b0i8wuGCipB2MZz06Epy1+24cByFU29+o5b2l3uhFt6P/Sw1","encryptedPassword":"MDoEEPgAAAAAAAAAAAAAAAAAAAEwFAYIKoZIhvcNAwcECGLGyGZ8RHPiBBBjxmRFcYVojLANf0/nAGkB","guid":"{2d99280d-7c54-43c7-b52c-6ccddf0cd2a9}","encType":1,"timeCreated":1734068481665,"timeLastUsed":1734068481665,"timePasswordChanged":1734068481665,"timesUsed":1,"syncCounter":1,"everSynced":false,"encryptedUnknownFields":"MDIEEPgAAAAAAAAAAAAAAAAAAAEwFAYIKoZIhvcNAwcECKwwLzx9Y273BAjvz98o54HBHw=="},{"id":51,"hostname":"https://studiolab.sagemaker.aws","httpRealm":null,"formSubmitURL":"https://studiolab.sagemaker.aws","usernameField":"username","passwordField":"password","encryptedUsername":"MFIEEPgAAAAAAAAAAAAAAAAAAAEwFAYIKoZIhvcNAwcECPaID2lSteMIBChuOeFx5GrFSkzaqQw1itkWQNkdLGRRBsiIzopxMmFdPG/95eSHC/nL","encryptedPassword":"MDoEEPgAAAAAAAAAAAAAAAAAAAEwFAYIKoZIhvcNAwcECP1ojwkXjb0CBBCm1oB/jq8SsiaAWkqdLsAC","guid":"{49aa127b-3ed7-4489-ab41-79cb40538936}","encType":1,"timeCreated":1734068511028,"timeLastUsed":1734068511028,"timePasswordChanged":1734068511028,"timesUsed":1,"syncCounter":1,"everSynced":false,"encryptedUnknownFields":"MDIEEPgAAAAAAAAAAAAAAAAAAAEwFAYIKoZIhvcNAwcECI8as2chvAGrBAj0DcvLkg+cnA=="},{"id":52,"hostname":"https://studiolab.sagemaker.aws","httpRealm":null,"formSubmitURL":"https://studiolab.sagemaker.aws","usernameField":"username","passwordField":"password","encryptedUsername":"MFIEEPgAAAAAAAAAAAAAAAAAAAEwFAYIKoZIhvcNAwcECJLJQEuYkLpNBCiPZvDucCEoc0zxf4/Mo7kMov0wiq0p/rNXxNmyGgOrlfRicTxwUwJd","encryptedPassword":"MDoEEPgAAAAAAAAAAAAAAAAAAAEwFAYIKoZIhvcNAwcECDO1ayT79ieJBBAYF422auPUazmdb5eOU8hw","guid":"{c371a389-1244-4b4d-b95a-2f1e9211f831}","encType":1,"timeCreated":1734068668967,"timeLastUsed":1734068668967,"timePasswordChanged":1734068668967,"timesUsed":1,"syncCounter":1,"everSynced":false,"encryptedUnknownFields":"MDIEEPgAAAAAAAAAAAAAAAAAAAEwFAYIKoZIhvcNAwcECF/MYZJtwBEIBAhHvo7iw6uXtw=="},{"id":53,"hostname":"https://studiolab.sagemaker.aws","httpRealm":null,"formSubmitURL":"https://studiolab.sagemaker.aws","usernameField":"username","passwordField":"password","encryptedUsername":"MEoEEPgAAAAAAAAAAAAAAAAAAAEwFAYIKoZIhvcNAwcECD/ff9XHPBOuBCDcZdziGnfx7EhadVBNzamhDDm1WAU96sn3Cb284LSCIA==","encryptedPassword":"MDoEEPgAAAAAAAAAAAAAAAAAAAEwFAYIKoZIhvcNAwcECJBzfSZpNPc0BBAh5xRM2DNgRZROFX0HUWYI","guid":"{f456fbe2-64c4-460e-8199-e39ab5f39b6d}","encType":1,"timeCreated":1734068699721,"timeLastUsed":1734068699721,"timePasswordChanged":1734068699721,"timesUsed":1,"syncCounter":1,"everSynced":false,"encryptedUnknownFields":"MDIEEPgAAAAAAAAAAAAAAAAAAAEwFAYIKoZIhvcNAwcECEsFvC9prNtSBAg9nFr+nKhpyQ=="},{"id":54,"hostname":"https://studiolab.sagemaker.aws","httpRealm":null,"formSubmitURL":"https://studiolab.sagemaker.aws","usernameField":"username","passwordField":"password","encryptedUsername":"MEoEEPgAAAAAAAAAAAAAAAAAAAEwFAYIKoZIhvcNAwcECEebQBGAOxcnBCDgIKbOgO/KTM0i+3TnaLOdYanG3rCDd80rRdn8Z3FKKQ==","encryptedPassword":"MDoEEPgAAAAAAAAAAAAAAAAAAAEwFAYIKoZIhvcNAwcECCqF8lg2IWIZBBCulLrX73k3gdMxrR8v5RDE","guid":"{8700b4c3-9358-4a67-9a16-34d9dede805f}","encType":1,"timeCreated":1734068757737,"timeLastUsed":1734068757737,"timePasswordChanged":1734068757737,"timesUsed":1,"syncCounter":1,"everSynced":false,"encryptedUnknownFields":"MDIEEPgAAAAAAAAAAAAAAAAAAAEwFAYIKoZIhvcNAwcECKVNhuzHrm3tBAhHpyTMwDXCvg=="},{"id":55,"hostname":"https://studiolab.sagemaker.aws","httpRealm":null,"formSubmitURL":"https://studiolab.sagemaker.aws","usernameField":"username","passwordField":"password","encryptedUsername":"MEoEEPgAAAAAAAAAAAAAAAAAAAEwFAYIKoZIhvcNAwcECMNPdG66tuOfBCA5TqYLIA8uXH5+lS1r+GXY1vKrlZLCjFPLnsM0fhKkGg==","encryptedPassword":"MDoEEPgAAAAAAAAAAAAAAAAAAAEwFAYIKoZIhvcNAwcECInAUMqecsMdBBC7aMVI8vOX2IY+UWqscM0v","guid":"{8a9fe2a6-7d92-4c5b-b2c9-99d858f449b9}","encType":1,"timeCreated":1734068797000,"timeLastUsed":1734068797000,"timePasswordChanged":1734068797000,"timesUsed":1,"syncCounter":1,"everSynced":false,"encryptedUnknownFields":"MDIEEPgAAAAAAAAAAAAAAAAAAAEwFAYIKoZIhvcNAwcECERwf/aiputkBAhtCx1qmtlh5A=="},{"id":56,"hostname":"https://studiolab.sagemaker.aws","httpRealm":null,"formSubmitURL":"https://studiolab.sagemaker.aws","usernameField":"username","passwordField":"password","encryptedUsername":"MEoEEPgAAAAAAAAAAAAAAAAAAAEwFAYIKoZIhvcNAwcECBCNgsTejJbpBCB3tBBVNDql5oo5z/dCnxNpzacQ0PUaRarx3HboDVZFYA==","encryptedPassword":"MDoEEPgAAAAAAAAAAAAAAAAAAAEwFAYIKoZIhvcNAwcECO6Q0gDthd08BBBFpJZ0zdMuIy2ovRJ6TlsJ","guid":"{a0c3fc5d-8458-4850-92f3-46918d572c58}","encType":1,"timeCreated":1734068840419,"timeLastUsed":1734068840419,"timePasswordChanged":1734068840419,"timesUsed":1,"syncCounter":1,"everSynced":false,"encryptedUnknownFields":"MDIEEPgAAAAAAAAAAAAAAAAAAAEwFAYIKoZIhvcNAwcECN9ejIij80goBAg/QhhjB9hw1g=="},{"id":57,"hostname":"https://studiolab.sagemaker.aws","httpRealm":null,"formSubmitURL":"https://studiolab.sagemaker.aws","usernameField":"username","passwordField":"password","encryptedUsername":"MFIEEPgAAAAAAAAAAAAAAAAAAAEwFAYIKoZIhvcNAwcECEAz0FVympo9BCjEvlhlD2oWEh6f4k7V7/Qv2EPyA6L2AJl1C7Y60t1FumGQjPcLHVXO","encryptedPassword":"MDoEEPgAAAAAAAAAAAAAAAAAAAEwFAYIKoZIhvcNAwcECCUie2IACzlSBBDaLWyAVhStL6uRzfMNOIR4","guid":"{8131338e-8c32-46f7-bfd4-01b04fef89d1}","encType":1,"timeCreated":1734068868552,"timeLastUsed":1734068868552,"timePasswordChanged":1734068868552,"timesUsed":1,"syncCounter":1,"everSynced":false,"encryptedUnknownFields":"MDIEEPgAAAAAAAAAAAAAAAAAAAEwFAYIKoZIhvcNAwcECDCEjMkG+BmWBAjEftaXDu/mfg=="}],"potentiallyVulnerablePasswords":[],"dismissedBreachAlertsByLoginGUID":{},"version":3}