{"environment":{"locale":"en-US","localeLanguageCode":"en","browserSettings":{"update":{"channel":"release","enabled":true,"autoDownload":true,"background":true}},"attributionData":{"campaign":"%2528not%2Bset%2529","content":"%2528not%2Bset%2529","dlsource":"mozorg","dltoken":"556235d6-af56-4b96-a2be-360eecf1bb83","experiment":"%2528not%2Bset%2529","medium":"referral","source":"www.google.com","ua":"chrome","variation":"%2528not%2Bset%2529"},"currentDate":"2024-12-13T05:53:56.642Z","canCreateSelectableProfiles":null,"hasSelectableProfiles":false,"profileAgeCreated":1734018382940,"usesFirefoxSync":false,"isFxAEnabled":true,"isFxASignedIn":false,"sync":{"desktopDevices":0,"mobileDevices":0,"totalDevices":0},"xpinstallEnabled":true,"addonsInfo":{"addons":{"formautofill@mozilla.org":{"version":"1.0.1","type":"extension","isSystem":true,"isWebExtension":true,"hidden":true,"isBuiltin":true,"name":"Form Autofill","userDisabled":false,"installDate":"2024-12-09T17:21:18.000Z"},"pictureinpicture@mozilla.org":{"version":"1.0.0","type":"extension","isSystem":true,"isWebExtension":true,"hidden":true,"isBuiltin":true,"name":"Picture-In-Picture","userDisabled":false,"installDate":"2024-12-09T17:21:18.000Z"},"webcompat@mozilla.org":{"version":"133.4.0","type":"extension","isSystem":true,"isWebExtension":true,"hidden":true,"isBuiltin":true,"name":"Web Compatibility Interventions","userDisabled":false,"installDate":"2024-12-09T17:21:18.000Z"},"addons-search-detection@mozilla.com":{"version":"2.0.0","type":"extension","isSystem":false,"isWebExtension":true,"hidden":true,"isBuiltin":true,"name":"Add-ons Search Detection","userDisabled":false,"installDate":"2024-12-12T15:46:26.769Z"},"@testpilot-containers":{"version":"8.2.0","type":"extension","isSystem":false,"isWebExtension":true,"hidden":false,"isBuiltin":false,"name":"Firefox Multi-Account Containers","userDisabled":false,"installDate":"2024-12-13T01:56:46.541Z"}},"isFullData":true},"searchEngines":{"current":"google-b-d","installed":["google-b-d","bing","ddg","wikipedia"]},"isDefaultBrowser":true,"isDefaultBrowserUncached":true,"devToolsOpenedCount":0,"topFrecentSites":[{"url":"https://studiolab.sagemaker.aws/login","host":"studiolab.sagemaker.aws","frecency":5250,"lastVisitDate":1734068627483},{"url":"https://muq-hastebin.glitch.me/raw/sVEnEeW4rF","host":"muq-hastebin.glitch.me","frecency":2000,"lastVisitDate":1734062973474}],"recentBookmarks":[{"bookmarkGuid":"MPmjP7XCe4KY","description":null,"guid":"2qgVXw-O2p3x","preview_image_url":null,"title":"SageMaker Studio Lab","url":"https://studiolab.sagemaker.aws/login","date_added":1734063992104,"type":"bookmark"}],"pinnedSites":[],"providerCohorts":{"cfr":"","message-groups":"","messaging-experiments":"","onboarding":""},"totalBookmarksCount":5,"firefoxVersion":133,"region":"","needsUpdate":false,"hasPinnedTabs":false,"hasAccessedFxAPanel":false,"userPrefs":{"cfrFeatures":true,"cfrAddons":true},"totalBlockedCount":0,"blockedCountByType":{"trackerCount":0,"cookieCount":0,"cryptominerCount":0,"fingerprinterCount":0,"socialCount":0},"attachedFxAOAuthClients":[],"platformName":"win","isChinaRepack":false,"userId":"3e9a1bce-6e83-46b7-93ab-e41d109ce087","profileRestartCount":0,"homePageSettings":{"isWebExt":false,"isCustomUrl":false,"urls":[{"url":"about:home","host":""}],"isDefault":true,"isLocked":false},"newtabSettings":{"isWebExt":false,"isCustomUrl":false,"isDefault":true,"url":"about:newtab","host":""},"activeNotifications":false,"isMajorUpgrade":false,"hasActiveEnterprisePolicies":false,"userMonthlyActivity":[[97,"2024-12-13"]],"doesAppNeedPin":true,"doesAppNeedPinUncached":true,"doesAppNeedPrivatePin":true,"launchOnLoginEnabled":false,"isMSIX":false,"isBackgroundTaskMode":false,"backgroundTaskName":null,"userPrefersReducedMotion":true,"distributionId":"","fxViewButtonAreaType":"toolbar","isDefaultHandler":{"html":true,"pdf":true},"defaultPDFHandler":{"registered":true,"knownBrowser":true},"creditCardsSaved":0,"addressesSaved":0,"hasMigratedBookmarks":false,"hasMigratedCSVPasswords":false,"hasMigratedHistory":false,"hasMigratedPasswords":false,"useEmbeddedMigrationWizard":true,"isRTAMO":false,"isDeviceMigration":false,"primaryResolution":{"width":1366,"height":720},"archBits":64,"systemArch":"x86-64","memoryMB":16080.04296875,"totalSearches":2,"isFirstStartup":false,"activeExperiments":["long-term-holdback-2024-h2-velocity-desktop","npo-sign-up-sign-in-button-text-change"],"activeRollouts":["backgroundupdate-enable-unelevated-installations-rollout-3-release","upgrade-spotlight-rollout","launch-firefox-on-os-restart-treatment-a-rollout","phc-rollout","disable-redirects-for-authretries","one-click-set-to-default-new-users-rollout","encrypted-client-hello-fallback-mechanism","fx-accounts-ping-release-rollout-2","fx-view-discoverability-rollout","disable-ads-startup-cache","disabling-chips-for-v131","rollout-npo-account-login-screen-windows-select-locales","fox-doodle-and-tail-fox-2024-rollout"],"previousExperiments":[],"previousRollouts":[],"enrollments":["backgroundupdate-enable-unelevated-installations-rollout-3-release","upgrade-spotlight-rollout","launch-firefox-on-os-restart-treatment-a-rollout","phc-rollout","long-term-holdback-2024-h2-velocity-desktop","disable-redirects-for-authretries","one-click-set-to-default-new-users-rollout","encrypted-client-hello-fallback-mechanism","fx-accounts-ping-release-rollout-2","fx-view-discoverability-rollout","disable-ads-startup-cache","disabling-chips-for-v131","rollout-npo-account-login-screen-windows-select-locales","fox-doodle-and-tail-fox-2024-rollout","npo-sign-up-sign-in-button-text-change"],"enrollmentsMap":{"backgroundupdate-enable-unelevated-installations-rollout-3-release":"enabled","upgrade-spotlight-rollout":"treatment","launch-firefox-on-os-restart-treatment-a-rollout":"treatment-a","phc-rollout":"rollout","long-term-holdback-2024-h2-velocity-desktop":"delivery","disable-redirects-for-authretries":"control","one-click-set-to-default-new-users-rollout":"treatment-b","encrypted-client-hello-fallback-mechanism":"control","fx-accounts-ping-release-rollout-2":"control","fx-view-discoverability-rollout":"treatment-b","disable-ads-startup-cache":"control","disabling-chips-for-v131":"control","rollout-npo-account-login-screen-windows-select-locales":"treatment-a","fox-doodle-and-tail-fox-2024-rollout":"treatment-a","npo-sign-up-sign-in-button-text-change":"control-branch"}},"version":1}