{"nextId":122,"logins":[{"id":91,"hostname":"https://studiolab.sagemaker.aws","httpRealm":null,"formSubmitURL":"https://studiolab.sagemaker.aws","usernameField":"username","passwordField":"password","encryptedUsername":"MEoEEPgAAAAAAAAAAAAAAAAAAAEwFAYIKoZIhvcNAwcECLfD66uEZ5eWBCCNP5+om50p76jwFJlJHmDd2eu5dx6vUfoInAMQppIz/w==","encryptedPassword":"MDoEEPgAAAAAAAAAAAAAAAAAAAEwFAYIKoZIhvcNAwcECJfqsSMJZ7IwBBDK2eM3LQkiYz4K7glj4kyj","guid":"{e584c1fc-c363-4030-aca5-4cc171f9f110}","encType":1,"timeCreated":1734113871534,"timeLastUsed":1734147760134,"timePasswordChanged":1734113871534,"timesUsed":2,"syncCounter":1,"everSynced":false,"encryptedUnknownFields":null},{"id":92,"hostname":"https://studiolab.sagemaker.aws","httpRealm":null,"formSubmitURL":"https://studiolab.sagemaker.aws","usernameField":"username","passwordField":"password","encryptedUsername":"MEoEEPgAAAAAAAAAAAAAAAAAAAEwFAYIKoZIhvcNAwcECMMdFUMJJJcWBCCOZolVKJfDNB8uMDo6dfnCrAJ1OA0OxIY0F5oykGS3Yw==","encryptedPassword":"MDoEEPgAAAAAAAAAAAAAAAAAAAEwFAYIKoZIhvcNAwcECFon+Yb6rk9mBBA9aTfS70dw9JxgRmpKKDP0","guid":"{59bb0f2e-59fa-4161-9ea6-1b85046b9535}","encType":1,"timeCreated":1734114161176,"timeLastUsed":1734148104205,"timePasswordChanged":1734114161176,"timesUsed":2,"syncCounter":1,"everSynced":false,"encryptedUnknownFields":null},{"id":93,"hostname":"https://studiolab.sagemaker.aws","httpRealm":null,"formSubmitURL":"https://studiolab.sagemaker.aws","usernameField":"username","passwordField":"password","encryptedUsername":"MFIEEPgAAAAAAAAAAAAAAAAAAAEwFAYIKoZIhvcNAwcECNBd0UxEE2GnBCg0hU7jieO0bHJCYBPTuDZMrcokhVT9jEJZC7DsaLl6cOHIvec41xID","encryptedPassword":"MDoEEPgAAAAAAAAAAAAAAAAAAAEwFAYIKoZIhvcNAwcECEbNQlHx78AQBBC+cKlDxoo8fusclcMj9L1T","guid":"{60aa8d9d-0e0b-4908-870e-8834789c192e}","encType":1,"timeCreated":1734114200358,"timeLastUsed":1734149270096,"timePasswordChanged":1734114200358,"timesUsed":2,"syncCounter":1,"everSynced":false,"encryptedUnknownFields":null},{"id":94,"hostname":"https://studiolab.sagemaker.aws","httpRealm":null,"formSubmitURL":"https://studiolab.sagemaker.aws","usernameField":"username","passwordField":"password","encryptedUsername":"MFIEEPgAAAAAAAAAAAAAAAAAAAEwFAYIKoZIhvcNAwcECFZzicrYnpB+BCjMksjwoPuTp1jTAPBe/7iHPefYEU8AnAzKkfQcgRektqeovcfbEMyo","encryptedPassword":"MDoEEPgAAAAAAAAAAAAAAAAAAAEwFAYIKoZIhvcNAwcECGgzofXVnXjwBBBiPvEDrpzbItnm+zuHTCi1","guid":"{3cf5cfb2-19a5-4f29-953a-92941238fcd5}","encType":1,"timeCreated":1734114317646,"timeLastUsed":1734144869914,"timePasswordChanged":1734114317646,"timesUsed":2,"syncCounter":1,"everSynced":false,"encryptedUnknownFields":null},{"id":95,"hostname":"https://studiolab.sagemaker.aws","httpRealm":null,"formSubmitURL":"https://studiolab.sagemaker.aws","usernameField":"username","passwordField":"password","encryptedUsername":"MFIEEPgAAAAAAAAAAAAAAAAAAAEwFAYIKoZIhvcNAwcECJKDp7YGCBgXBCg9PFrGcbQr21zWyMVHSTxIqMbXMnUmRVwpNiDzLEUzM+kpU03FEJvX","encryptedPassword":"MDoEEPgAAAAAAAAAAAAAAAAAAAEwFAYIKoZIhvcNAwcECLtbt/XSnIO7BBAnQASv7GC1cQqqoocY1Vvl","guid":"{a9ab3ad3-9538-4d02-8457-376cbf0f93b9}","encType":1,"timeCreated":1734114343272,"timeLastUsed":1734147920005,"timePasswordChanged":1734114343272,"timesUsed":2,"syncCounter":1,"everSynced":false,"encryptedUnknownFields":null},{"id":96,"hostname":"https://studiolab.sagemaker.aws","httpRealm":null,"formSubmitURL":"https://studiolab.sagemaker.aws","usernameField":"username","passwordField":"password","encryptedUsername":"MFIEEPgAAAAAAAAAAAAAAAAAAAEwFAYIKoZIhvcNAwcECHCGyD6VdiEIBCjEWe1B1rumZSkpItjB5jVdWh9Yw3eGiQ4Bd+IJpU1SslgDUEYg27Kr","encryptedPassword":"MDoEEPgAAAAAAAAAAAAAAAAAAAEwFAYIKoZIhvcNAwcECPrOcrafv8dwBBBmmBBv18FKHK8LIZl5CW3j","guid":"{45bf3ead-461a-419e-9378-3725ee727ba0}","encType":1,"timeCreated":1734114369790,"timeLastUsed":1734148069155,"timePasswordChanged":1734114369790,"timesUsed":2,"syncCounter":1,"everSynced":false,"encryptedUnknownFields":null},{"id":97,"hostname":"https://studiolab.sagemaker.aws","httpRealm":null,"formSubmitURL":"https://studiolab.sagemaker.aws","usernameField":"username","passwordField":"password","encryptedUsername":"MFIEEPgAAAAAAAAAAAAAAAAAAAEwFAYIKoZIhvcNAwcECCHlAq+PKwRxBCivw8ZUJ4qZs4jlRQ9Xq3jj42k20sPByUms4rrtvxAd/ftss1eMQ0Xf","encryptedPassword":"MDoEEPgAAAAAAAAAAAAAAAAAAAEwFAYIKoZIhvcNAwcECP/PUvsBxsY4BBCUdrhdTDC75coCWzPAETyM","guid":"{151051bd-d852-4a4b-a809-46d4ccf108a8}","encType":1,"timeCreated":1734132995797,"timeLastUsed":1734132995797,"timePasswordChanged":1734132995797,"timesUsed":1,"syncCounter":1,"everSynced":false,"encryptedUnknownFields":"MDIEEPgAAAAAAAAAAAAAAAAAAAEwFAYIKoZIhvcNAwcECHNjMA52rUsPBAjM8T4LDo7xlw=="},{"id":98,"hostname":"https://studiolab.sagemaker.aws","httpRealm":null,"formSubmitURL":"https://studiolab.sagemaker.aws","usernameField":"username","passwordField":"password","encryptedUsername":"MFIEEPgAAAAAAAAAAAAAAAAAAAEwFAYIKoZIhvcNAwcECPPjxI0Z6dl8BCj5jdg9yYI67J+ZWFd8rsKeRVMcAolXbIHcI5TY69odq1umzIjA/Ij3","encryptedPassword":"MDoEEPgAAAAAAAAAAAAAAAAAAAEwFAYIKoZIhvcNAwcECER05QIfqvhkBBA6pCPPUSbQTkEWoxi57VFZ","guid":"{4aefa805-1182-44be-a609-87a0e0c7d1cf}","encType":1,"timeCreated":1734133027561,"timeLastUsed":1734149432691,"timePasswordChanged":1734133027561,"timesUsed":2,"syncCounter":1,"everSynced":false,"encryptedUnknownFields":null},{"id":99,"hostname":"https://studiolab.sagemaker.aws","httpRealm":null,"formSubmitURL":"https://studiolab.sagemaker.aws","usernameField":"username","passwordField":"password","encryptedUsername":"MEoEEPgAAAAAAAAAAAAAAAAAAAEwFAYIKoZIhvcNAwcECKij3kOTMJJPBCAdJpQVVun/Pgsz64VBQmqKGgFnEp2GYJ3czAlDZ72fXQ==","encryptedPassword":"MDoEEPgAAAAAAAAAAAAAAAAAAAEwFAYIKoZIhvcNAwcECJ/2YuieK+jGBBA2HhAtCSkjLNrU/BbHtvhY","guid":"{6110bfad-4491-42de-9919-6c42cf8ea3b0}","encType":1,"timeCreated":1734133061922,"timeLastUsed":1734148215284,"timePasswordChanged":1734133061922,"timesUsed":2,"syncCounter":3,"everSynced":false,"encryptedUnknownFields":null},{"id":100,"hostname":"https://studiolab.sagemaker.aws","httpRealm":null,"formSubmitURL":"https://studiolab.sagemaker.aws","usernameField":"username","passwordField":"password","encryptedUsername":"MEoEEPgAAAAAAAAAAAAAAAAAAAEwFAYIKoZIhvcNAwcECOsuRnNYfEXABCCS9+U7FMR+iNIbb+7BrS2fGfcpQE1RbUnBccz/aXlOYw==","encryptedPassword":"MDoEEPgAAAAAAAAAAAAAAAAAAAEwFAYIKoZIhvcNAwcECDFG9Gl2vrA7BBB6N3pH0kwCxdxL+vNfvbwT","guid":"{b1910462-9a1c-433a-bb0d-803963b6e2a4}","encType":1,"timeCreated":1734133386697,"timeLastUsed":1734148969715,"timePasswordChanged":1734133386697,"timesUsed":2,"syncCounter":1,"everSynced":false,"encryptedUnknownFields":null},{"id":101,"hostname":"https://studiolab.sagemaker.aws","httpRealm":null,"formSubmitURL":"https://studiolab.sagemaker.aws","usernameField":"username","passwordField":"password","encryptedUsername":"MEoEEPgAAAAAAAAAAAAAAAAAAAEwFAYIKoZIhvcNAwcECLF1LFOCVxQ6BCCwhAqTJZLjwKdN0zWLja/6afCgJXqURYAfvSUBHDgNbg==","encryptedPassword":"MDoEEPgAAAAAAAAAAAAAAAAAAAEwFAYIKoZIhvcNAwcECH9GvCFyjt5LBBD/zlc90fDnalCYfs2W+qx8","guid":"{84a6154e-d39f-459d-b0dd-18e60cf53823}","encType":1,"timeCreated":1734133413237,"timeLastUsed":1734147793209,"timePasswordChanged":1734133413237,"timesUsed":2,"syncCounter":1,"everSynced":false,"encryptedUnknownFields":null},{"id":102,"hostname":"https://studiolab.sagemaker.aws","httpRealm":null,"formSubmitURL":"https://studiolab.sagemaker.aws","usernameField":"username","passwordField":"password","encryptedUsername":"MFIEEPgAAAAAAAAAAAAAAAAAAAEwFAYIKoZIhvcNAwcECBxeLxK2vhvcBCgoZ0JNPOeufnuycpVZxDQWsu9GgigLjnSxaRYVOjn9+4Q3gEM+8/yt","encryptedPassword":"MDoEEPgAAAAAAAAAAAAAAAAAAAEwFAYIKoZIhvcNAwcECCoz24ear5JMBBCPZ+tn2QV7w0DHroTp0dhv","guid":"{c4ab8948-413b-4747-8a54-618e293e256f}","encType":1,"timeCreated":1734133472884,"timeLastUsed":1734148916234,"timePasswordChanged":1734133472884,"timesUsed":2,"syncCounter":1,"everSynced":false,"encryptedUnknownFields":null},{"id":103,"hostname":"https://studiolab.sagemaker.aws","httpRealm":null,"formSubmitURL":"https://studiolab.sagemaker.aws","usernameField":"username","passwordField":"password","encryptedUsername":"MFIEEPgAAAAAAAAAAAAAAAAAAAEwFAYIKoZIhvcNAwcECAg7riMy+8cQBCjlMW/Xrmdj1BJhBuaZCcFT36QcG72zptTQvg38lDk7xW/OhyGHMSfw","encryptedPassword":"MDoEEPgAAAAAAAAAAAAAAAAAAAEwFAYIKoZIhvcNAwcECONELEcwxJ4MBBDv3GTascnA9adxr4MjPqgo","guid":"{bd296a3e-ec1b-4c41-8feb-4d8f7271f943}","encType":1,"timeCreated":1734133536273,"timeLastUsed":1734143872224,"timePasswordChanged":1734133536273,"timesUsed":2,"syncCounter":1,"everSynced":false,"encryptedUnknownFields":null},{"id":104,"hostname":"https://studiolab.sagemaker.aws","httpRealm":null,"formSubmitURL":"https://studiolab.sagemaker.aws","usernameField":"username","passwordField":"password","encryptedUsername":"MFIEEPgAAAAAAAAAAAAAAAAAAAEwFAYIKoZIhvcNAwcECKcsE2sClHVLBCgMeuytKMFzFErEUuCUiLz5TNF/QSoQWJA3mZ55J1kKh11fpcyGXE96","encryptedPassword":"MDoEEPgAAAAAAAAAAAAAAAAAAAEwFAYIKoZIhvcNAwcECL5wmkmQthbABBDDkLU1KA0HcOH8eQlhLN2d","guid":"{445e51c4-d8ca-4a19-b115-4551ad1ccf30}","encType":1,"timeCreated":1734133907356,"timeLastUsed":1734149181254,"timePasswordChanged":1734133907356,"timesUsed":2,"syncCounter":2,"everSynced":false,"encryptedUnknownFields":null},{"id":105,"hostname":"https://studiolab.sagemaker.aws","httpRealm":null,"formSubmitURL":"https://studiolab.sagemaker.aws","usernameField":"username","passwordField":"password","encryptedUsername":"MEoEEPgAAAAAAAAAAAAAAAAAAAEwFAYIKoZIhvcNAwcECDNfr52b4xtTBCCdx3ONfIkhjjeflHvSyVYrU6pHlT12HVOCqDKjWd76kQ==","encryptedPassword":"MDoEEPgAAAAAAAAAAAAAAAAAAAEwFAYIKoZIhvcNAwcECHeODonGdMnMBBDRm4P+LVfksUGVmp5SpWNj","guid":"{66f446a7-921b-4acf-b5b1-9bd313b39b6c}","encType":1,"timeCreated":1734133981368,"timeLastUsed":1734149248154,"timePasswordChanged":1734133981368,"timesUsed":2,"syncCounter":1,"everSynced":false,"encryptedUnknownFields":null},{"id":106,"hostname":"https://studiolab.sagemaker.aws","httpRealm":null,"formSubmitURL":"https://studiolab.sagemaker.aws","usernameField":"username","passwordField":"password","encryptedUsername":"MFIEEPgAAAAAAAAAAAAAAAAAAAEwFAYIKoZIhvcNAwcECJxXizd/MgdvBChScMtM7pz3/pSKjcpylSdG1jlMhesHcC9WxPO5gLCxOjb3UBvHmTda","encryptedPassword":"MDoEEPgAAAAAAAAAAAAAAAAAAAEwFAYIKoZIhvcNAwcECCavnxqxGfszBBAia4GYJcsLq0yL46mymazR","guid":"{68435fb7-af3c-43fc-b680-df9d60eacdb6}","encType":1,"timeCreated":1734134029894,"timeLastUsed":1734147514695,"timePasswordChanged":1734134029894,"timesUsed":2,"syncCounter":1,"everSynced":false,"encryptedUnknownFields":null},{"id":107,"hostname":"https://studiolab.sagemaker.aws","httpRealm":null,"formSubmitURL":"https://studiolab.sagemaker.aws","usernameField":"username","passwordField":"password","encryptedUsername":"MEoEEPgAAAAAAAAAAAAAAAAAAAEwFAYIKoZIhvcNAwcECHywr+q3QjwQBCCTfg3yYEDbRBnwFsiNW1oQHyf92yDDNE/NOdqbfGVLog==","encryptedPassword":"MDoEEPgAAAAAAAAAAAAAAAAAAAEwFAYIKoZIhvcNAwcECLNuviBkMTv/BBDf/SlaYW1nDRkgB0i/813A","guid":"{55f84d60-ff9e-4ebd-87a7-e174419857a4}","encType":1,"timeCreated":1734134069140,"timeLastUsed":1734149004419,"timePasswordChanged":1734134069140,"timesUsed":2,"syncCounter":3,"everSynced":false,"encryptedUnknownFields":null},{"id":108,"hostname":"https://studiolab.sagemaker.aws","httpRealm":null,"formSubmitURL":"https://studiolab.sagemaker.aws","usernameField":"username","passwordField":"password","encryptedUsername":"MEoEEPgAAAAAAAAAAAAAAAAAAAEwFAYIKoZIhvcNAwcECPwRDFnp3YZqBCCWDCHg2zy8TNvuBXpwVHQCxk1Aw+hzFEmnWUCyheRrfQ==","encryptedPassword":"MDoEEPgAAAAAAAAAAAAAAAAAAAEwFAYIKoZIhvcNAwcECDuJxDFSdtZmBBDi2kYDPWg/EsN8ayrNw+T3","guid":"{3a3662f8-bede-449b-afa1-3a18597b59ef}","encType":1,"timeCreated":1734134720764,"timeLastUsed":1734148149004,"timePasswordChanged":1734134720764,"timesUsed":2,"syncCounter":1,"everSynced":false,"encryptedUnknownFields":null},{"id":109,"hostname":"https://studiolab.sagemaker.aws","httpRealm":null,"formSubmitURL":"https://studiolab.sagemaker.aws","usernameField":"username","passwordField":"password","encryptedUsername":"MEIEEPgAAAAAAAAAAAAAAAAAAAEwFAYIKoZIhvcNAwcECNFL6e1zaUs7BBg9a+agBtFk8qcq/WyUoOmvtrmBXL71ubA=","encryptedPassword":"MDoEEPgAAAAAAAAAAAAAAAAAAAEwFAYIKoZIhvcNAwcECNeVUaK+OXv5BBDlRsP4kSGOKBIOV4938iCE","guid":"{64f4700e-f54d-4f57-82d5-f70cc0e1ce2c}","encType":1,"timeCreated":1734135158814,"timeLastUsed":1734135158814,"timePasswordChanged":1734135158814,"timesUsed":1,"syncCounter":1,"everSynced":false,"encryptedUnknownFields":"MDIEEPgAAAAAAAAAAAAAAAAAAAEwFAYIKoZIhvcNAwcECIuJQ6KB+x0PBAiDlW2bLGWf8A=="},{"id":110,"hostname":"https://studiolab.sagemaker.aws","httpRealm":null,"formSubmitURL":"https://studiolab.sagemaker.aws","usernameField":"username","passwordField":"password","encryptedUsername":"MEoEEPgAAAAAAAAAAAAAAAAAAAEwFAYIKoZIhvcNAwcECI0ubEdm1YI1BCD+HCFb7NS7Tl8HaB+jWeT6tIsrrtIfz8PJRQViS9/+hw==","encryptedPassword":"MDoEEPgAAAAAAAAAAAAAAAAAAAEwFAYIKoZIhvcNAwcECA4Wx6fGF8tQBBDFS/tkzhJBpC+/K4X3FbE9","guid":"{4eecb7ef-4529-4a50-bad8-ff26b0eb7aa1}","encType":1,"timeCreated":1734135282301,"timeLastUsed":1734147997909,"timePasswordChanged":1734135282301,"timesUsed":2,"syncCounter":1,"everSynced":false,"encryptedUnknownFields":null},{"id":111,"hostname":"https://studiolab.sagemaker.aws","httpRealm":null,"formSubmitURL":"https://studiolab.sagemaker.aws","usernameField":"username","passwordField":"password","encryptedUsername":"MEoEEPgAAAAAAAAAAAAAAAAAAAEwFAYIKoZIhvcNAwcECHpEy9MDg4wiBCCRnASMImqm193mwYEZ6cKVPLh8NsoAzCdtxjlqP/x3og==","encryptedPassword":"MDoEEPgAAAAAAAAAAAAAAAAAAAEwFAYIKoZIhvcNAwcECIxFhkvFOryZBBAK52nyLI1QaSXY7kc6Y6xQ","guid":"{02344d28-b08b-4459-8414-b4b75b6c1d91}","encType":1,"timeCreated":1734135389219,"timeLastUsed":1734147859265,"timePasswordChanged":1734135389219,"timesUsed":2,"syncCounter":1,"everSynced":false,"encryptedUnknownFields":null},{"id":112,"hostname":"https://studiolab.sagemaker.aws","httpRealm":null,"formSubmitURL":"https://studiolab.sagemaker.aws","usernameField":"username","passwordField":"password","encryptedUsername":"MEoEEPgAAAAAAAAAAAAAAAAAAAEwFAYIKoZIhvcNAwcECFPOuWYxW02DBCC0eFYLyVacJ/fO2e2avVaqBUE1Hj82pqW33VMv4TEiyA==","encryptedPassword":"MDoEEPgAAAAAAAAAAAAAAAAAAAEwFAYIKoZIhvcNAwcECPqA1tFMqJSSBBCe3JE3AjQ2JcAzRP1LbjaK","guid":"{a58db565-24f1-4d23-92ec-83217c39b84a}","encType":1,"timeCreated":1734135465595,"timeLastUsed":1734149081220,"timePasswordChanged":1734135465595,"timesUsed":2,"syncCounter":1,"everSynced":false,"encryptedUnknownFields":null},{"id":113,"hostname":"https://studiolab.sagemaker.aws","httpRealm":null,"formSubmitURL":"https://studiolab.sagemaker.aws","usernameField":"username","passwordField":"password","encryptedUsername":"MEIEEPgAAAAAAAAAAAAAAAAAAAEwFAYIKoZIhvcNAwcECOkp0koz6ht7BBi54fT4CDveGeG7EQ29JywE3tZSWWh8zEw=","encryptedPassword":"MDoEEPgAAAAAAAAAAAAAAAAAAAEwFAYIKoZIhvcNAwcECN0/2WJfCPXFBBCLoOgOSFqZpErCf2dvkx8T","guid":"{d619150b-2b6a-4fe9-9a97-2d7559261eaa}","encType":1,"timeCreated":1734135494608,"timeLastUsed":1734148250347,"timePasswordChanged":1734135494608,"timesUsed":2,"syncCounter":1,"everSynced":false,"encryptedUnknownFields":null},{"id":114,"hostname":"https://studiolab.sagemaker.aws","httpRealm":null,"formSubmitURL":"https://studiolab.sagemaker.aws","usernameField":"username","passwordField":"password","encryptedUsername":"MEoEEPgAAAAAAAAAAAAAAAAAAAEwFAYIKoZIhvcNAwcECMvPqCnU/VPCBCA2B3TkqAeQjLwsR0a2po72m32TvTutafm1t4AT12HiuQ==","encryptedPassword":"MDoEEPgAAAAAAAAAAAAAAAAAAAEwFAYIKoZIhvcNAwcECBJBYKoVo7EnBBAI7qt4fPbaCGPmIzpHS92u","guid":"{5130a4a1-191d-4c1d-bda6-434f4fbcbf13}","encType":1,"timeCreated":1734135524570,"timeLastUsed":1734148848290,"timePasswordChanged":1734135524570,"timesUsed":2,"syncCounter":1,"everSynced":false,"encryptedUnknownFields":null},{"id":115,"hostname":"https://studiolab.sagemaker.aws","httpRealm":null,"formSubmitURL":"https://studiolab.sagemaker.aws","usernameField":"username","passwordField":"password","encryptedUsername":"MEIEEPgAAAAAAAAAAAAAAAAAAAEwFAYIKoZIhvcNAwcECJcYK0MrYIpSBBjRyH21Wn9TAEuC46UKCZxnRSQCZFLNyS4=","encryptedPassword":"MDoEEPgAAAAAAAAAAAAAAAAAAAEwFAYIKoZIhvcNAwcECOQbH7Ol6qnNBBBlNj4UFRPGqXYf02OYd8qi","guid":"{b3adf2b8-f1da-4c42-92af-e1d487709de7}","encType":1,"timeCreated":1734135544533,"timeLastUsed":1734149454689,"timePasswordChanged":1734135544533,"timesUsed":2,"syncCounter":1,"everSynced":false,"encryptedUnknownFields":null},{"id":116,"hostname":"https://studiolab.sagemaker.aws","httpRealm":null,"formSubmitURL":"https://studiolab.sagemaker.aws","usernameField":"username","passwordField":"password","encryptedUsername":"MEoEEPgAAAAAAAAAAAAAAAAAAAEwFAYIKoZIhvcNAwcECLywr3+QE2QKBCDYkHzBLgXhcT/ZRmL9+dQnKBmqckPw2LwtgJb4L1p75g==","encryptedPassword":"MDoEEPgAAAAAAAAAAAAAAAAAAAEwFAYIKoZIhvcNAwcECP2QPtJoKzQwBBCoJejF/Sm57ovULBgMiDHb","guid":"{c6eb1c59-d8b5-47be-986c-9755ab60e71a}","encType":1,"timeCreated":1734135589970,"timeLastUsed":1734143922370,"timePasswordChanged":1734135589970,"timesUsed":2,"syncCounter":1,"everSynced":false,"encryptedUnknownFields":null},{"id":117,"hostname":"https://studiolab.sagemaker.aws","httpRealm":null,"formSubmitURL":"https://studiolab.sagemaker.aws","usernameField":"username","passwordField":"password","encryptedUsername":"MEoEEPgAAAAAAAAAAAAAAAAAAAEwFAYIKoZIhvcNAwcECF297PyC0WOpBCBuB+fJ1WH281E8yd16Nxt0WD40vokFAxMR9+JX31pUag==","encryptedPassword":"MDoEEPgAAAAAAAAAAAAAAAAAAAEwFAYIKoZIhvcNAwcECBeG22c6eklvBBBjV+NaCzHXIImBDPq9LX34","guid":"{fea385ce-8bd4-468c-a259-e25cfe760b5b}","encType":1,"timeCreated":1734135829195,"timeLastUsed":1734149029925,"timePasswordChanged":1734135829195,"timesUsed":2,"syncCounter":1,"everSynced":false,"encryptedUnknownFields":null},{"id":118,"hostname":"https://studiolab.sagemaker.aws","httpRealm":null,"formSubmitURL":"https://studiolab.sagemaker.aws","usernameField":"username","passwordField":"password","encryptedUsername":"MEIEEPgAAAAAAAAAAAAAAAAAAAEwFAYIKoZIhvcNAwcECE/5HZol6nwTBBiEQOjYjEaI0PxDJg6topqqa8ym8mU9eiA=","encryptedPassword":"MDoEEPgAAAAAAAAAAAAAAAAAAAEwFAYIKoZIhvcNAwcECKDCLEWT5IfWBBAGHSH9AmPqCSGjTWIPPR3v","guid":"{8fe6ced3-c312-488f-97c3-231ca00791a5}","encType":1,"timeCreated":1734135855494,"timeLastUsed":1734149138445,"timePasswordChanged":1734135855494,"timesUsed":2,"syncCounter":1,"everSynced":false,"encryptedUnknownFields":null},{"id":119,"hostname":"https://studiolab.sagemaker.aws","httpRealm":null,"formSubmitURL":"https://studiolab.sagemaker.aws","usernameField":"username","passwordField":"password","encryptedUsername":"MEoEEPgAAAAAAAAAAAAAAAAAAAEwFAYIKoZIhvcNAwcECF/KAk+puLhaBCDC9OP0vGO5LDcvlRdl/nGxy0ytzK9Ss1Vn9OY3C57m8w==","encryptedPassword":"MDoEEPgAAAAAAAAAAAAAAAAAAAEwFAYIKoZIhvcNAwcECB1vxqRQt9drBBACSdiNThE2duZLddyz2gam","guid":"{3af46eb1-3ab4-495a-89e9-50efb239d1c1}","encType":1,"timeCreated":1734135901768,"timeLastUsed":1734144827025,"timePasswordChanged":1734135901768,"timesUsed":2,"syncCounter":1,"everSynced":false,"encryptedUnknownFields":null},{"id":120,"hostname":"https://studiolab.sagemaker.aws","httpRealm":null,"formSubmitURL":"https://studiolab.sagemaker.aws","usernameField":"username","passwordField":"password","encryptedUsername":"MEoEEPgAAAAAAAAAAAAAAAAAAAEwFAYIKoZIhvcNAwcECNexiDKGusYRBCB1zbu+OdsE1223haGlls7Yne4v2lYDPSpvjLQU5olyYA==","encryptedPassword":"MDoEEPgAAAAAAAAAAAAAAAAAAAEwFAYIKoZIhvcNAwcECNnA0FBGOdASBBBrv3IjKPJk/jkagKkxydlt","guid":"{0281d3da-a5af-49c6-b6a5-3db65130f7ad}","encType":1,"timeCreated":1734135934369,"timeLastUsed":1734148877438,"timePasswordChanged":1734135934369,"timesUsed":2,"syncCounter":1,"everSynced":false,"encryptedUnknownFields":null},{"id":121,"hostname":"https://studiolab.sagemaker.aws","httpRealm":null,"formSubmitURL":"https://studiolab.sagemaker.aws","usernameField":"username","passwordField":"password","encryptedUsername":"MEoEEPgAAAAAAAAAAAAAAAAAAAEwFAYIKoZIhvcNAwcECDBpPB9xksPWBCAGaCQd8CeNXQhOOFmYenxjVQa9p2jlcQJ0zL2VA9hl2g==","encryptedPassword":"MDoEEPgAAAAAAAAAAAAAAAAAAAEwFAYIKoZIhvcNAwcECCCvp6e7xUDoBBDWvcJrVeaJWmt43EPFHkQQ","guid":"{08d9f1bc-769e-4f1a-9c2e-58c98179dd23}","encType":1,"timeCreated":1734136531237,"timeLastUsed":1734144042745,"timePasswordChanged":1734136531237,"timesUsed":2,"syncCounter":1,"everSynced":false,"encryptedUnknownFields":null}],"potentiallyVulnerablePasswords":[],"dismissedBreachAlertsByLoginGUID":{},"version":3}