{"nextId":99,"logins":[{"id":66,"hostname":"https://studiolab.sagemaker.aws","httpRealm":null,"formSubmitURL":"https://studiolab.sagemaker.aws","usernameField":"username","passwordField":"password","encryptedUsername":"MEIEEPgAAAAAAAAAAAAAAAAAAAEwFAYIKoZIhvcNAwcECPrgfrhPNAxeBBjcML2QR88906Gp3y5r+ADLpUheTsFS+yQ=","encryptedPassword":"MDoEEPgAAAAAAAAAAAAAAAAAAAEwFAYIKoZIhvcNAwcECDroJVh2CEyQBBAhj6BI1nTHRHVmcyUTnTZB","guid":"{f4612e4d-de0b-42e7-9bd0-3f153ca69585}","encType":1,"timeCreated":1734266496139,"timeLastUsed":1734266496139,"timePasswordChanged":1734266496139,"timesUsed":1,"syncCounter":1,"everSynced":false,"encryptedUnknownFields":"MDIEEPgAAAAAAAAAAAAAAAAAAAEwFAYIKoZIhvcNAwcECARoyWY4a9KIBAiH6kkGhqgz5Q=="},{"id":67,"hostname":"https://studiolab.sagemaker.aws","httpRealm":null,"formSubmitURL":"https://studiolab.sagemaker.aws","usernameField":"username","passwordField":"password","encryptedUsername":"MEoEEPgAAAAAAAAAAAAAAAAAAAEwFAYIKoZIhvcNAwcECFWz5pgxnM+UBCCOdGM0259DteXeHhPBnSzNTlwxHAY8KbbaMRi63cUB+g==","encryptedPassword":"MDoEEPgAAAAAAAAAAAAAAAAAAAEwFAYIKoZIhvcNAwcECCyEJyrMKbh7BBDXOZSgdUrtS123d3cFkRl6","guid":"{0849e16f-923a-4be2-8708-0724ff433bf6}","encType":1,"timeCreated":1734267163868,"timeLastUsed":1734267163868,"timePasswordChanged":1734267163868,"timesUsed":1,"syncCounter":1,"everSynced":false,"encryptedUnknownFields":"MDIEEPgAAAAAAAAAAAAAAAAAAAEwFAYIKoZIhvcNAwcECERDFh/qvIZuBAiHKVCIXsX6Kg=="},{"id":68,"hostname":"https://studiolab.sagemaker.aws","httpRealm":null,"formSubmitURL":"https://studiolab.sagemaker.aws","usernameField":"username","passwordField":"password","encryptedUsername":"MEoEEPgAAAAAAAAAAAAAAAAAAAEwFAYIKoZIhvcNAwcECENq7WePXbhsBCAWw6KVZU0V5OmPzYd7SIJfTd7CZflodJu4ygMF3dAhng==","encryptedPassword":"MDoEEPgAAAAAAAAAAAAAAAAAAAEwFAYIKoZIhvcNAwcECJSthx4zOBu8BBBWHstotH/TX3Ix3THSpuox","guid":"{90e1e17f-380b-4099-b590-a80c3ba2658f}","encType":1,"timeCreated":1734267201083,"timeLastUsed":1734267201083,"timePasswordChanged":1734267201083,"timesUsed":1,"syncCounter":1,"everSynced":false,"encryptedUnknownFields":"MDIEEPgAAAAAAAAAAAAAAAAAAAEwFAYIKoZIhvcNAwcECPidc3qXwatFBAhEkeEYnPfW+g=="},{"id":69,"hostname":"https://studiolab.sagemaker.aws","httpRealm":null,"formSubmitURL":"https://studiolab.sagemaker.aws","usernameField":"username","passwordField":"password","encryptedUsername":"MEIEEPgAAAAAAAAAAAAAAAAAAAEwFAYIKoZIhvcNAwcECNckQyd5qZLsBBhtSa0YsfMvsOOXpjJDpsdafvMG9YWYSz8=","encryptedPassword":"MDoEEPgAAAAAAAAAAAAAAAAAAAEwFAYIKoZIhvcNAwcECMRbUvXtsqLEBBCwY8tiNBrRegvScLRoq/9L","guid":"{43e0e774-d867-45e5-a5f4-e710df1af9b9}","encType":1,"timeCreated":1734267245556,"timeLastUsed":1734267245556,"timePasswordChanged":1734267245556,"timesUsed":1,"syncCounter":1,"everSynced":false,"encryptedUnknownFields":"MDIEEPgAAAAAAAAAAAAAAAAAAAEwFAYIKoZIhvcNAwcECNRIHYjbc+4PBAg9eyBICBBFtg=="},{"id":70,"hostname":"https://studiolab.sagemaker.aws","httpRealm":null,"formSubmitURL":"https://studiolab.sagemaker.aws","usernameField":"username","passwordField":"password","encryptedUsername":"MEoEEPgAAAAAAAAAAAAAAAAAAAEwFAYIKoZIhvcNAwcECCq1XJ6LXwQpBCDJrMkTmV1i9xnfXeiffodqZfqP4gFSJqiKp7aXZ4VdSQ==","encryptedPassword":"MDoEEPgAAAAAAAAAAAAAAAAAAAEwFAYIKoZIhvcNAwcECCvf4LFPsbZ/BBBYjrhhOlQvVfLlqW9FR+Km","guid":"{1e6e9243-a1c0-42a9-b66c-ca5782c22bb0}","encType":1,"timeCreated":1734267311434,"timeLastUsed":1734267311434,"timePasswordChanged":1734267311434,"timesUsed":1,"syncCounter":1,"everSynced":false,"encryptedUnknownFields":"MDIEEPgAAAAAAAAAAAAAAAAAAAEwFAYIKoZIhvcNAwcECIW+ozA38T4VBAg52vPMfKaYLQ=="},{"id":71,"hostname":"https://studiolab.sagemaker.aws","httpRealm":null,"formSubmitURL":"https://studiolab.sagemaker.aws","usernameField":"username","passwordField":"password","encryptedUsername":"MEoEEPgAAAAAAAAAAAAAAAAAAAEwFAYIKoZIhvcNAwcECNFUUecS2YD/BCDpidH57gEbG85Ky8xDj/ZPBjLFbtBS8RdtYFWpfVTj5w==","encryptedPassword":"MDoEEPgAAAAAAAAAAAAAAAAAAAEwFAYIKoZIhvcNAwcECBPCcKbsCBqgBBB+hA3hdj4mijg6khsMvDiO","guid":"{0d2ef458-83fc-4675-ab47-2b9fe8a79caf}","encType":1,"timeCreated":1734269552060,"timeLastUsed":1734269552060,"timePasswordChanged":1734269552060,"timesUsed":1,"syncCounter":1,"everSynced":false,"encryptedUnknownFields":"MDIEEPgAAAAAAAAAAAAAAAAAAAEwFAYIKoZIhvcNAwcECB6rsp6XOeh8BAjroX9qnu/OKA=="},{"id":72,"hostname":"https://studiolab.sagemaker.aws","httpRealm":null,"formSubmitURL":"https://studiolab.sagemaker.aws","usernameField":"username","passwordField":"password","encryptedUsername":"MEoEEPgAAAAAAAAAAAAAAAAAAAEwFAYIKoZIhvcNAwcECN/bRGrQPIMaBCDE03W+Z/VXr8lclGv0Gy9imit+6qVtAzGCyQz43YZImA==","encryptedPassword":"MDoEEPgAAAAAAAAAAAAAAAAAAAEwFAYIKoZIhvcNAwcECKfSQl6FZhGRBBB+qGJlhL3akPPbHIlXeh6X","guid":"{02d0b69a-fd2e-4bdf-80ea-60675addb1ec}","encType":1,"timeCreated":1734269688154,"timeLastUsed":1734269688154,"timePasswordChanged":1734269688154,"timesUsed":1,"syncCounter":1,"everSynced":false,"encryptedUnknownFields":"MDIEEPgAAAAAAAAAAAAAAAAAAAEwFAYIKoZIhvcNAwcECCoBxUeE/3dkBAjGYYpa4DkC+A=="},{"id":73,"hostname":"https://studiolab.sagemaker.aws","httpRealm":null,"formSubmitURL":"https://studiolab.sagemaker.aws","usernameField":"username","passwordField":"password","encryptedUsername":"MFIEEPgAAAAAAAAAAAAAAAAAAAEwFAYIKoZIhvcNAwcECHLeHfR4Rx/6BCh6LAD26FQUoHty7hI0//XS7Y2MOprdu8NpH38HzuUCZaTc22Y2Nagl","encryptedPassword":"MDoEEPgAAAAAAAAAAAAAAAAAAAEwFAYIKoZIhvcNAwcECGxjkT00GR9mBBA24drBcoMIeN1PaWQGdnZL","guid":"{b8d88b91-de73-49e6-a962-2c67480c437b}","encType":1,"timeCreated":1734278037877,"timeLastUsed":1734278037877,"timePasswordChanged":1734278037877,"timesUsed":1,"syncCounter":1,"everSynced":false,"encryptedUnknownFields":"MDIEEPgAAAAAAAAAAAAAAAAAAAEwFAYIKoZIhvcNAwcECAHbi33XreSfBAiKINbZbfG2Pg=="},{"id":74,"hostname":"https://studiolab.sagemaker.aws","httpRealm":null,"formSubmitURL":"https://studiolab.sagemaker.aws","usernameField":"username","passwordField":"password","encryptedUsername":"MFIEEPgAAAAAAAAAAAAAAAAAAAEwFAYIKoZIhvcNAwcECExEIATMOgtFBCgmWRGns9VZTDUfZT3DsDGITd4kre+a6ZUa6xnMQ7qC68yXc/cJ+noz","encryptedPassword":"MDoEEPgAAAAAAAAAAAAAAAAAAAEwFAYIKoZIhvcNAwcECM+0K8WjBfEiBBC5/7D3GZN0JRTehgmHE1V2","guid":"{043d7760-c521-4a4c-9d5e-3c8b50875fb8}","encType":1,"timeCreated":1734278287895,"timeLastUsed":1734278287895,"timePasswordChanged":1734278287895,"timesUsed":1,"syncCounter":1,"everSynced":false,"encryptedUnknownFields":"MDIEEPgAAAAAAAAAAAAAAAAAAAEwFAYIKoZIhvcNAwcECDpLEizGDpWPBAgQRb4KRDXe2Q=="},{"id":75,"hostname":"https://studiolab.sagemaker.aws","httpRealm":null,"formSubmitURL":"https://studiolab.sagemaker.aws","usernameField":"username","passwordField":"password","encryptedUsername":"MEoEEPgAAAAAAAAAAAAAAAAAAAEwFAYIKoZIhvcNAwcECC7VDTf8CKBaBCC9Gv5MMu0nI8ko08wgIJAuXgUyi+udL+PBUL8ABBQcBw==","encryptedPassword":"MDoEEPgAAAAAAAAAAAAAAAAAAAEwFAYIKoZIhvcNAwcECNVgUua3pi+ABBB97pdb0AMIWfdRW511WLOO","guid":"{9e4109c9-96d8-4c55-b66f-a505e6f876d4}","encType":1,"timeCreated":1734278555836,"timeLastUsed":1734278555836,"timePasswordChanged":1734278555836,"timesUsed":1,"syncCounter":1,"everSynced":false,"encryptedUnknownFields":"MDIEEPgAAAAAAAAAAAAAAAAAAAEwFAYIKoZIhvcNAwcECGkezHjFlDOjBAhmcV93etYK0w=="},{"id":76,"hostname":"https://studiolab.sagemaker.aws","httpRealm":null,"formSubmitURL":"https://studiolab.sagemaker.aws","usernameField":"username","passwordField":"password","encryptedUsername":"MFIEEPgAAAAAAAAAAAAAAAAAAAEwFAYIKoZIhvcNAwcECFibQYMT1h43BCgO+7RsTc5AScvbUljX7kr6ClHmOcx2/A1SXYJD0jiVF1jQzMLXlICl","encryptedPassword":"MDoEEPgAAAAAAAAAAAAAAAAAAAEwFAYIKoZIhvcNAwcECNENN5wOqtzYBBB6/zUHI1T1pVAkCytr67Wt","guid":"{9dda7102-f2a7-47bf-8ee3-5e7212558f01}","encType":1,"timeCreated":1734278629521,"timeLastUsed":1734278629521,"timePasswordChanged":1734278629521,"timesUsed":1,"syncCounter":1,"everSynced":false,"encryptedUnknownFields":"MDIEEPgAAAAAAAAAAAAAAAAAAAEwFAYIKoZIhvcNAwcECIb0cWrBaQhUBAgrTz9vPUz7bA=="},{"id":79,"hostname":"https://studiolab.sagemaker.aws","httpRealm":null,"formSubmitURL":"https://studiolab.sagemaker.aws","usernameField":"username","passwordField":"password","encryptedUsername":"MEoEEPgAAAAAAAAAAAAAAAAAAAEwFAYIKoZIhvcNAwcECK1zIrO3zAh+BCDBOVxo+q64Dqgk0aNqFxxUrNtbevqs8ACBhDvOoaYkQg==","encryptedPassword":"MDoEEPgAAAAAAAAAAAAAAAAAAAEwFAYIKoZIhvcNAwcECNVyelnTQi0vBBCalr1/YUTBbRosOicHIUto","guid":"{1d23deed-3c7a-4436-be3b-48da4719d5e1}","encType":1,"timeCreated":1734279204837,"timeLastUsed":1734279204837,"timePasswordChanged":1734279204837,"timesUsed":1,"syncCounter":1,"everSynced":false,"encryptedUnknownFields":"MDIEEPgAAAAAAAAAAAAAAAAAAAEwFAYIKoZIhvcNAwcECPCEQuVlswh9BAhWtosarDFLBA=="},{"id":80,"hostname":"https://studiolab.sagemaker.aws","httpRealm":null,"formSubmitURL":"https://studiolab.sagemaker.aws","usernameField":"username","passwordField":"password","encryptedUsername":"MFIEEPgAAAAAAAAAAAAAAAAAAAEwFAYIKoZIhvcNAwcECL2lqonGVDWoBCjaa55UG7riWQC9DpOKwHJP0DML6VrAZTXoN0ymgDOwbRbh8GYc1WLP","encryptedPassword":"MDoEEPgAAAAAAAAAAAAAAAAAAAEwFAYIKoZIhvcNAwcECJCdjDl77FlDBBA7XZX3G+ilA83vPHiPOPCe","guid":"{b5e22be0-a6f8-4760-bb9f-5d821dbcc946}","encType":1,"timeCreated":1734279346655,"timeLastUsed":1734279346655,"timePasswordChanged":1734279346655,"timesUsed":1,"syncCounter":1,"everSynced":false,"encryptedUnknownFields":"MDIEEPgAAAAAAAAAAAAAAAAAAAEwFAYIKoZIhvcNAwcECGF9tB7c/jp5BAgDeG7ifJJknA=="},{"id":81,"hostname":"https://studiolab.sagemaker.aws","httpRealm":null,"formSubmitURL":"https://studiolab.sagemaker.aws","usernameField":"username","passwordField":"password","encryptedUsername":"MFIEEPgAAAAAAAAAAAAAAAAAAAEwFAYIKoZIhvcNAwcECMk24n1Ftpu0BCgX06DsptXcJVXMJsanoQSyRmpWhq+Gfxma0zRAAKlz0AGOZ+12sDUY","encryptedPassword":"MDoEEPgAAAAAAAAAAAAAAAAAAAEwFAYIKoZIhvcNAwcECOcWMKKOwnP6BBCSo26eXALqb3+gyWiIFFe0","guid":"{8bce2e2c-42a5-493d-8e39-2a604c53c69b}","encType":1,"timeCreated":1734279443128,"timeLastUsed":1734279443128,"timePasswordChanged":1734279443128,"timesUsed":1,"syncCounter":1,"everSynced":false,"encryptedUnknownFields":"MDIEEPgAAAAAAAAAAAAAAAAAAAEwFAYIKoZIhvcNAwcECDbBmAM2cG+ZBAjhA6doQuL16Q=="},{"id":83,"hostname":"https://studiolab.sagemaker.aws","httpRealm":null,"formSubmitURL":"https://studiolab.sagemaker.aws","usernameField":"username","passwordField":"password","encryptedUsername":"MEoEEPgAAAAAAAAAAAAAAAAAAAEwFAYIKoZIhvcNAwcECG40eOeym8+vBCAiRwx2ZJylmNVJTtp6KJD92yi5SHUYLrP1R1HZGh/06w==","encryptedPassword":"MDoEEPgAAAAAAAAAAAAAAAAAAAEwFAYIKoZIhvcNAwcECI+yt/hgui7mBBCoOzMhFgkwK1dPZ/d6uhks","guid":"{cc5a7933-6b72-4dad-9d05-d00fc9e0a648}","encType":1,"timeCreated":1734280655002,"timeLastUsed":1734280655002,"timePasswordChanged":1734280655002,"timesUsed":1,"syncCounter":1,"everSynced":false,"encryptedUnknownFields":"MDIEEPgAAAAAAAAAAAAAAAAAAAEwFAYIKoZIhvcNAwcECJZoSGJgwqhyBAjBrF09NGr5jQ=="},{"id":84,"hostname":"https://studiolab.sagemaker.aws","httpRealm":null,"formSubmitURL":"https://studiolab.sagemaker.aws","usernameField":"username","passwordField":"password","encryptedUsername":"MFIEEPgAAAAAAAAAAAAAAAAAAAEwFAYIKoZIhvcNAwcECOYSE1PukehlBCjf9tVnOXC7DZqkWfE+t+1tO+cwIeKOIZUqRxPylUyq3uD6F7Dce+Fx","encryptedPassword":"MDoEEPgAAAAAAAAAAAAAAAAAAAEwFAYIKoZIhvcNAwcECGja7zkDFe3jBBBMfv6gRrtcgysUumLKQ9pc","guid":"{8cc88bee-f497-4bfa-a395-4aed5679e789}","encType":1,"timeCreated":1734281164078,"timeLastUsed":1734281164078,"timePasswordChanged":1734281164078,"timesUsed":1,"syncCounter":1,"everSynced":false,"encryptedUnknownFields":"MDIEEPgAAAAAAAAAAAAAAAAAAAEwFAYIKoZIhvcNAwcECOgQrpvRPqqMBAh0PooP197PlQ=="},{"id":85,"hostname":"https://studiolab.sagemaker.aws","httpRealm":null,"formSubmitURL":"https://studiolab.sagemaker.aws","usernameField":"username","passwordField":"password","encryptedUsername":"MFIEEPgAAAAAAAAAAAAAAAAAAAEwFAYIKoZIhvcNAwcECFxnYkIzdk+YBCjzC3AJrVJ1lk5K3w4A2tim9mEUgOqPuDOxlLNoHJuuSV0XaDbenatK","encryptedPassword":"MDoEEPgAAAAAAAAAAAAAAAAAAAEwFAYIKoZIhvcNAwcECCa0JMoQ9Yh0BBBaOlxCE7qIdaAzYll2lvJd","guid":"{9d493689-1b2d-475f-ae64-dc3f70eb8fc2}","encType":1,"timeCreated":1734281269453,"timeLastUsed":1734281269453,"timePasswordChanged":1734281269453,"timesUsed":1,"syncCounter":1,"everSynced":false,"encryptedUnknownFields":"MDIEEPgAAAAAAAAAAAAAAAAAAAEwFAYIKoZIhvcNAwcECMzW+qt6iwpPBAh57sAXiTdwag=="},{"id":87,"hostname":"https://studiolab.sagemaker.aws","httpRealm":null,"formSubmitURL":"https://studiolab.sagemaker.aws","usernameField":"username","passwordField":"password","encryptedUsername":"MEoEEPgAAAAAAAAAAAAAAAAAAAEwFAYIKoZIhvcNAwcECAKLkoy0xcuSBCDmbSfnm0vKihnmO4o4vuGOuggHAZ3OcnAcRdid9idGog==","encryptedPassword":"MDoEEPgAAAAAAAAAAAAAAAAAAAEwFAYIKoZIhvcNAwcECDEV2VUQwhr4BBA6YDTQjGIHO7EuNlCv8KSd","guid":"{eb9f6f17-7e91-47ff-8f77-6fefac1e7cc1}","encType":1,"timeCreated":1734281369160,"timeLastUsed":1734281369160,"timePasswordChanged":1734281369160,"timesUsed":1,"syncCounter":1,"everSynced":false,"encryptedUnknownFields":"MDIEEPgAAAAAAAAAAAAAAAAAAAEwFAYIKoZIhvcNAwcECF5fGtaiHiQJBAg5BSkFAFXkXA=="},{"id":88,"hostname":"https://studiolab.sagemaker.aws","httpRealm":null,"formSubmitURL":"https://studiolab.sagemaker.aws","usernameField":"username","passwordField":"password","encryptedUsername":"MFIEEPgAAAAAAAAAAAAAAAAAAAEwFAYIKoZIhvcNAwcECP+/ElPqUnv8BCgyqevry4dGkCAcngquYl2UA5UgtxdUtZRSDabXc3+m6vv+yTidMi1j","encryptedPassword":"MDoEEPgAAAAAAAAAAAAAAAAAAAEwFAYIKoZIhvcNAwcECCXPfs0P/RdjBBAZGr/MbUNe6wBA3ZU0B9cu","guid":"{a8eb338b-2dda-4e43-aadc-6a96fb9a83aa}","encType":1,"timeCreated":1734281682168,"timeLastUsed":1734281682168,"timePasswordChanged":1734281682168,"timesUsed":1,"syncCounter":1,"everSynced":false,"encryptedUnknownFields":"MDIEEPgAAAAAAAAAAAAAAAAAAAEwFAYIKoZIhvcNAwcECBcv5NNM92XfBAgTMiYfSxzpEA=="},{"id":89,"hostname":"https://studiolab.sagemaker.aws","httpRealm":null,"formSubmitURL":"https://studiolab.sagemaker.aws","usernameField":"username","passwordField":"password","encryptedUsername":"MFIEEPgAAAAAAAAAAAAAAAAAAAEwFAYIKoZIhvcNAwcECHyaDMWZu9FEBCiWurqg/b8ku0+kWjAsDR9Ux/vXAvonGxsh97PxHuNtncctp/q7QEpE","encryptedPassword":"MDoEEPgAAAAAAAAAAAAAAAAAAAEwFAYIKoZIhvcNAwcECJG0M3cR5nTJBBAFbLCL3GlTir73QC/gEGAA","guid":"{4ffc8f31-759f-42ca-96fb-06c94ba43e27}","encType":1,"timeCreated":1734281871558,"timeLastUsed":1734281871558,"timePasswordChanged":1734281871558,"timesUsed":1,"syncCounter":1,"everSynced":false,"encryptedUnknownFields":"MDIEEPgAAAAAAAAAAAAAAAAAAAEwFAYIKoZIhvcNAwcECOR0l5d7X3RBBAhNDfhKMhDXTA=="},{"id":90,"hostname":"https://studiolab.sagemaker.aws","httpRealm":null,"formSubmitURL":"https://studiolab.sagemaker.aws","usernameField":"username","passwordField":"password","encryptedUsername":"MFIEEPgAAAAAAAAAAAAAAAAAAAEwFAYIKoZIhvcNAwcECETEzdTHk0isBChl7q4QWRRVMx2AZLaCNUyVNCZw9cFkx1KSwjNr+jS6vaDXurfYEros","encryptedPassword":"MDoEEPgAAAAAAAAAAAAAAAAAAAEwFAYIKoZIhvcNAwcECAuqBt0s22gtBBDue6O/NQ4axk5EH7LTePgS","guid":"{c90c76b2-629c-45ac-b46a-e693be95d4b2}","encType":1,"timeCreated":1734281915175,"timeLastUsed":1734281915175,"timePasswordChanged":1734281915175,"timesUsed":1,"syncCounter":1,"everSynced":false,"encryptedUnknownFields":"MDIEEPgAAAAAAAAAAAAAAAAAAAEwFAYIKoZIhvcNAwcECPe1dQFWjKPhBAgQI1P4HbKM3A=="},{"id":91,"hostname":"https://studiolab.sagemaker.aws","httpRealm":null,"formSubmitURL":"https://studiolab.sagemaker.aws","usernameField":"username","passwordField":"password","encryptedUsername":"MFIEEPgAAAAAAAAAAAAAAAAAAAEwFAYIKoZIhvcNAwcECAIzruW95wupBCiqvotXCw4bBL7e5tyt9Te6c7vTA/WObFQUU41scsQIh1gExw2h1w+J","encryptedPassword":"MDoEEPgAAAAAAAAAAAAAAAAAAAEwFAYIKoZIhvcNAwcECOloKNGGjyUNBBD8MLhKtyNQ9Bi2q4hZsuR3","guid":"{81908a17-0105-40ca-9917-a8a14252f4cc}","encType":1,"timeCreated":1734281963289,"timeLastUsed":1734281963289,"timePasswordChanged":1734281963289,"timesUsed":1,"syncCounter":1,"everSynced":false,"encryptedUnknownFields":"MDIEEPgAAAAAAAAAAAAAAAAAAAEwFAYIKoZIhvcNAwcECPXi0q3wrifLBAgj+8TEP6JUFQ=="},{"id":92,"hostname":"https://studiolab.sagemaker.aws","httpRealm":null,"formSubmitURL":"https://studiolab.sagemaker.aws","usernameField":"username","passwordField":"password","encryptedUsername":"MEoEEPgAAAAAAAAAAAAAAAAAAAEwFAYIKoZIhvcNAwcECBYrcBGC3aemBCAZSovxFZJ7F/XUWUZTm8TPd4PT6YS5owOwoiEdoUCLfA==","encryptedPassword":"MDoEEPgAAAAAAAAAAAAAAAAAAAEwFAYIKoZIhvcNAwcECDD1lAJGLqxdBBCZrLbZaIcZGWDpTGjL4Llf","guid":"{ad39fb95-4c42-43ff-891b-3e569c2f717a}","encType":1,"timeCreated":1734281992272,"timeLastUsed":1734281992272,"timePasswordChanged":1734281992272,"timesUsed":1,"syncCounter":1,"everSynced":false,"encryptedUnknownFields":"MDIEEPgAAAAAAAAAAAAAAAAAAAEwFAYIKoZIhvcNAwcECIj0R6hg+XW0BAiSNFrvCFkWJw=="},{"id":93,"hostname":"https://studiolab.sagemaker.aws","httpRealm":null,"formSubmitURL":"https://studiolab.sagemaker.aws","usernameField":"username","passwordField":"password","encryptedUsername":"MFIEEPgAAAAAAAAAAAAAAAAAAAEwFAYIKoZIhvcNAwcECCqPiwKRRNZ1BCiwihl2eOW0kfAPvw9cIuv2dY5A0TdbD7szhjhvPRnk5iZl2p66uynI","encryptedPassword":"MDoEEPgAAAAAAAAAAAAAAAAAAAEwFAYIKoZIhvcNAwcECK1wbRwjyJiKBBCcQ+srQ0Uo0/0kGFxP139A","guid":"{8e6f9522-a39a-4e83-8e5e-25f83b447b52}","encType":1,"timeCreated":1734282037676,"timeLastUsed":1734282037676,"timePasswordChanged":1734282037676,"timesUsed":1,"syncCounter":1,"everSynced":false,"encryptedUnknownFields":"MDIEEPgAAAAAAAAAAAAAAAAAAAEwFAYIKoZIhvcNAwcECPT8nGT2nNopBAgPHWsDoWpi/w=="},{"id":94,"hostname":"https://studiolab.sagemaker.aws","httpRealm":null,"formSubmitURL":"https://studiolab.sagemaker.aws","usernameField":"username","passwordField":"password","encryptedUsername":"MFIEEPgAAAAAAAAAAAAAAAAAAAEwFAYIKoZIhvcNAwcECFGUWTRvxtBiBCj+A3po2FnrrZldIu+emhqVCHi9tREdgVYvBGDlH5tmMopU/ec2A14T","encryptedPassword":"MDoEEPgAAAAAAAAAAAAAAAAAAAEwFAYIKoZIhvcNAwcECHDep9TBxkXQBBAg8VTsYJy+C2hKXr+npDE5","guid":"{a18d03bc-013d-4bb3-8919-e793f9e23e2d}","encType":1,"timeCreated":1734282080313,"timeLastUsed":1734282080313,"timePasswordChanged":1734282080313,"timesUsed":1,"syncCounter":1,"everSynced":false,"encryptedUnknownFields":"MDIEEPgAAAAAAAAAAAAAAAAAAAEwFAYIKoZIhvcNAwcECDz4YO6mEm/9BAi3UYA/1y/c2g=="},{"id":96,"hostname":"https://studiolab.sagemaker.aws","httpRealm":null,"formSubmitURL":"https://studiolab.sagemaker.aws","usernameField":"username","passwordField":"password","encryptedUsername":"MFIEEPgAAAAAAAAAAAAAAAAAAAEwFAYIKoZIhvcNAwcECJZn65Hfs1NGBCgIDsUHAhwWv/gid0LBph/ABWxrUtVadJj5yFjx8D1/Imty1lJSFBnM","encryptedPassword":"MDoEEPgAAAAAAAAAAAAAAAAAAAEwFAYIKoZIhvcNAwcECEiTWc8w1F10BBBuSBM8S3tQBZtg85Kmga7a","guid":"{eb5aefa1-7663-4087-a6a6-dca0918b311d}","encType":1,"timeCreated":1734282565861,"timeLastUsed":1734282565861,"timePasswordChanged":1734282565861,"timesUsed":1,"syncCounter":1,"everSynced":false,"encryptedUnknownFields":"MDIEEPgAAAAAAAAAAAAAAAAAAAEwFAYIKoZIhvcNAwcECLNI8yj7QYd/BAiBN6dhMLu/7w=="},{"id":97,"hostname":"https://studiolab.sagemaker.aws","httpRealm":null,"formSubmitURL":"https://studiolab.sagemaker.aws","usernameField":"username","passwordField":"password","encryptedUsername":"MFIEEPgAAAAAAAAAAAAAAAAAAAEwFAYIKoZIhvcNAwcECDFC9VEg9AekBChiWZbGI9f89IWFiDbZ1W2BOMOIt5pfwjSIqDk/ijAgJ7TTcKB/2WUp","encryptedPassword":"MDoEEPgAAAAAAAAAAAAAAAAAAAEwFAYIKoZIhvcNAwcECLs3jj9gV5P5BBBfSvOnxUl7xgSqC9PagoUm","guid":"{4f2a12eb-5fb2-45e4-bb72-acad651499ff}","encType":1,"timeCreated":1734282887842,"timeLastUsed":1734282887842,"timePasswordChanged":1734282887842,"timesUsed":1,"syncCounter":1,"everSynced":false,"encryptedUnknownFields":"MDIEEPgAAAAAAAAAAAAAAAAAAAEwFAYIKoZIhvcNAwcECJXQPoUA0/JFBAirmbgWuN2G8Q=="}],"potentiallyVulnerablePasswords":[],"dismissedBreachAlertsByLoginGUID":{},"version":3}