{"nextId":90,"logins":[{"id":60,"hostname":"https://studiolab.sagemaker.aws","httpRealm":null,"formSubmitURL":"https://studiolab.sagemaker.aws","usernameField":"","passwordField":"","encryptedUsername":"MEIEEPgAAAAAAAAAAAAAAAAAAAEwFAYIKoZIhvcNAwcECC9+nevKZpb0BBhvFjoxdM5G+xA7AAPhU7RCP8fq5A6muRc=","encryptedPassword":"MDoEEPgAAAAAAAAAAAAAAAAAAAEwFAYIKoZIhvcNAwcECOBbsoQpDOjeBBBxgGyVR8U9WjidhCBWfMEM","guid":"{15ebccfa-074e-4990-b31d-e4c1e64547f8}","encType":1,"timeCreated":1734071361365,"timeLastUsed":1734071361365,"timePasswordChanged":1734071361365,"timesUsed":1,"syncCounter":1,"everSynced":false,"encryptedUnknownFields":"MDIEEPgAAAAAAAAAAAAAAAAAAAEwFAYIKoZIhvcNAwcECKZ8Es2xBlNnBAiL7cF/09+q7Q=="},{"id":61,"hostname":"https://studiolab.sagemaker.aws","httpRealm":null,"formSubmitURL":"https://studiolab.sagemaker.aws","usernameField":"","passwordField":"","encryptedUsername":"MEoEEPgAAAAAAAAAAAAAAAAAAAEwFAYIKoZIhvcNAwcECFyrTNXw4F7RBCCAZxEgmezWZWD9w7wZWIJBCOvNE1Uiw6mIwrQ3uebI1A==","encryptedPassword":"MDoEEPgAAAAAAAAAAAAAAAAAAAEwFAYIKoZIhvcNAwcECK3ju7IZpuoeBBB9axBh3sqrjDvpfzsywZ0q","guid":"{f4e7a899-305f-4619-a269-5d930adf3b73}","encType":1,"timeCreated":1734073134969,"timeLastUsed":1734103356434,"timePasswordChanged":1734073134969,"timesUsed":3,"syncCounter":1,"everSynced":false,"encryptedUnknownFields":null},{"id":62,"hostname":"https://studiolab.sagemaker.aws","httpRealm":null,"formSubmitURL":"https://studiolab.sagemaker.aws","usernameField":"","passwordField":"","encryptedUsername":"MFIEEPgAAAAAAAAAAAAAAAAAAAEwFAYIKoZIhvcNAwcECPBlUgdCIS8ZBCil3RDMd52JOKgMBMkzxoeaF9Ol5gZUEqTAAQ0WZ7xlwh6y+vMYUGbg","encryptedPassword":"MDoEEPgAAAAAAAAAAAAAAAAAAAEwFAYIKoZIhvcNAwcECNxG2oxprc8yBBBdxy5nTjhOVzwHb67MXL8K","guid":"{a119b4e4-7bf3-4c28-8162-e2e9564adf26}","encType":1,"timeCreated":1734073169030,"timeLastUsed":1734104151835,"timePasswordChanged":1734073169030,"timesUsed":4,"syncCounter":1,"everSynced":false,"encryptedUnknownFields":null},{"id":63,"hostname":"https://studiolab.sagemaker.aws","httpRealm":null,"formSubmitURL":"https://studiolab.sagemaker.aws","usernameField":"","passwordField":"","encryptedUsername":"MEoEEPgAAAAAAAAAAAAAAAAAAAEwFAYIKoZIhvcNAwcECA/HhRiZjRfYBCBJ2aU1b3KwNudUCRgVPjCtkigKwWBsPmqXfeyGU9HDTQ==","encryptedPassword":"MDoEEPgAAAAAAAAAAAAAAAAAAAEwFAYIKoZIhvcNAwcECNFzB+0kOwbJBBAH2hPTay1RANXVZN8uBhPy","guid":"{7a2cdbd7-db8c-45a8-8ac5-de1734f1061f}","encType":1,"timeCreated":1734073206790,"timeLastUsed":1734102378376,"timePasswordChanged":1734073206790,"timesUsed":2,"syncCounter":1,"everSynced":false,"encryptedUnknownFields":null},{"id":64,"hostname":"https://studiolab.sagemaker.aws","httpRealm":null,"formSubmitURL":"https://studiolab.sagemaker.aws","usernameField":"","passwordField":"","encryptedUsername":"MFIEEPgAAAAAAAAAAAAAAAAAAAEwFAYIKoZIhvcNAwcECDcMUsMjEHInBCgdFwOiw+ART8AJqlE5wvA0Gy3VFJpq6Oub5yYfWTdyhqgYSBN+7KnT","encryptedPassword":"MDoEEPgAAAAAAAAAAAAAAAAAAAEwFAYIKoZIhvcNAwcECFErumhqXSIFBBDYWfsTRR5MeKM/puV6WDLl","guid":"{7d447f3e-b04f-41e2-aa4e-0ab5e0b73323}","encType":1,"timeCreated":1734073255651,"timeLastUsed":1734104432452,"timePasswordChanged":1734073255651,"timesUsed":5,"syncCounter":1,"everSynced":false,"encryptedUnknownFields":null},{"id":65,"hostname":"https://studiolab.sagemaker.aws","httpRealm":null,"formSubmitURL":"https://studiolab.sagemaker.aws","usernameField":"","passwordField":"","encryptedUsername":"MFIEEPgAAAAAAAAAAAAAAAAAAAEwFAYIKoZIhvcNAwcECPnpVcNzifxmBCiyYNRcOIhIhD+9+TBy1PtF39PiU9krVWUVyAeUKrZOcNoHN4qqCG5d","encryptedPassword":"MDoEEPgAAAAAAAAAAAAAAAAAAAEwFAYIKoZIhvcNAwcECBMJd/zZZcJABBBXMSOmUxhQMZ9afpOAnPVP","guid":"{45d82e9a-1f27-4174-ac6e-59f42b9e1456}","encType":1,"timeCreated":1734073287369,"timeLastUsed":1734104009834,"timePasswordChanged":1734073287369,"timesUsed":5,"syncCounter":1,"everSynced":false,"encryptedUnknownFields":null},{"id":66,"hostname":"https://studiolab.sagemaker.aws","httpRealm":null,"formSubmitURL":"https://studiolab.sagemaker.aws","usernameField":"","passwordField":"","encryptedUsername":"MEoEEPgAAAAAAAAAAAAAAAAAAAEwFAYIKoZIhvcNAwcECPjJ05JCl5+zBCB+DfeNnHX58zniPQWD4mdq1ZbIS2/nbyu9oo7LgRJ4JQ==","encryptedPassword":"MDoEEPgAAAAAAAAAAAAAAAAAAAEwFAYIKoZIhvcNAwcECKYFnf8XtgxkBBAd4AjT7XT7YTT52hA2I0eV","guid":"{7f5204d0-910f-4bc4-aa3e-4b07e1bbe6ec}","encType":1,"timeCreated":1734073340812,"timeLastUsed":1734103379233,"timePasswordChanged":1734073340812,"timesUsed":4,"syncCounter":1,"everSynced":false,"encryptedUnknownFields":null},{"id":67,"hostname":"https://studiolab.sagemaker.aws","httpRealm":null,"formSubmitURL":"https://studiolab.sagemaker.aws","usernameField":"","passwordField":"","encryptedUsername":"MFIEEPgAAAAAAAAAAAAAAAAAAAEwFAYIKoZIhvcNAwcECMMsjDtO1gNzBCjcKsy9B+vrrsmkugs3pTtI8W0xDZqZzKRsxFex1mTQYImuhf5dECRb","encryptedPassword":"MDoEEPgAAAAAAAAAAAAAAAAAAAEwFAYIKoZIhvcNAwcECNlpoMuTTlUxBBBibWzPBJp0kJ3OkEnUYDdg","guid":"{173876b2-1c73-40a1-bb16-7d9c5e66ed89}","encType":1,"timeCreated":1734073549788,"timeLastUsed":1734103233393,"timePasswordChanged":1734073549788,"timesUsed":4,"syncCounter":1,"everSynced":false,"encryptedUnknownFields":null},{"id":68,"hostname":"https://studiolab.sagemaker.aws","httpRealm":null,"formSubmitURL":"https://studiolab.sagemaker.aws","usernameField":"","passwordField":"","encryptedUsername":"MEoEEPgAAAAAAAAAAAAAAAAAAAEwFAYIKoZIhvcNAwcECNaPE28uFOBSBCC0CTGlf1AfcWzKnLVsfQ0RL6DDE8ld+qRWtLLcqsdpKw==","encryptedPassword":"MDoEEPgAAAAAAAAAAAAAAAAAAAEwFAYIKoZIhvcNAwcECEsKkDH04D21BBC+FPVWOWStTH67Qfo/LnQk","guid":"{c9d28d61-3907-453b-a043-a8bc4eb01dfe}","encType":1,"timeCreated":1734073582947,"timeLastUsed":1734103088384,"timePasswordChanged":1734073582947,"timesUsed":3,"syncCounter":1,"everSynced":false,"encryptedUnknownFields":null},{"id":69,"hostname":"https://studiolab.sagemaker.aws","httpRealm":null,"formSubmitURL":"https://studiolab.sagemaker.aws","usernameField":"","passwordField":"","encryptedUsername":"MEoEEPgAAAAAAAAAAAAAAAAAAAEwFAYIKoZIhvcNAwcECHNgVJ6iOe78BCCD0iHg9XPFQ8FvhtsUq0L793o3RhhYxeRqqO5zOjsTPw==","encryptedPassword":"MDoEEPgAAAAAAAAAAAAAAAAAAAEwFAYIKoZIhvcNAwcECJeB73F+OokUBBCtSsVMQydshKCzW3o8VHkB","guid":"{253b6c26-9665-4f39-a224-29c7f6bc2cc5}","encType":1,"timeCreated":1734073615377,"timeLastUsed":1734103606184,"timePasswordChanged":1734073615377,"timesUsed":3,"syncCounter":1,"everSynced":false,"encryptedUnknownFields":null},{"id":70,"hostname":"https://studiolab.sagemaker.aws","httpRealm":null,"formSubmitURL":"https://studiolab.sagemaker.aws","usernameField":"","passwordField":"","encryptedUsername":"MFIEEPgAAAAAAAAAAAAAAAAAAAEwFAYIKoZIhvcNAwcECNPtv1xjGJJlBChWR5ZW8vQyiyyzLQzKQFn1McD0hwxgrOCONu/vc5gfAfGuyuBUDSr+","encryptedPassword":"MDoEEPgAAAAAAAAAAAAAAAAAAAEwFAYIKoZIhvcNAwcECCJzd6iwTaUxBBDBVitcHkxT8rXTlZQsS4rM","guid":"{85e33bc5-6889-4fc3-9d87-c7fe5e52897d}","encType":1,"timeCreated":1734073697522,"timeLastUsed":1734102922454,"timePasswordChanged":1734073697522,"timesUsed":2,"syncCounter":1,"everSynced":false,"encryptedUnknownFields":null},{"id":71,"hostname":"https://studiolab.sagemaker.aws","httpRealm":null,"formSubmitURL":"https://studiolab.sagemaker.aws","usernameField":"","passwordField":"","encryptedUsername":"MFIEEPgAAAAAAAAAAAAAAAAAAAEwFAYIKoZIhvcNAwcECPFF4fPiTA40BCidcW+LQkUYr6g1fhFlxpL34s7bnlG7PuKSQxI9gio1/rJ3wpmSZHoj","encryptedPassword":"MDoEEPgAAAAAAAAAAAAAAAAAAAEwFAYIKoZIhvcNAwcECPcQNtmVKUTuBBDFiqNa+a6TRhC9XiKTnlwd","guid":"{e283d7cc-b64e-4487-a3c9-60b6faac1844}","encType":1,"timeCreated":1734075498213,"timeLastUsed":1734101452934,"timePasswordChanged":1734075498213,"timesUsed":3,"syncCounter":1,"everSynced":false,"encryptedUnknownFields":null},{"id":72,"hostname":"https://studiolab.sagemaker.aws","httpRealm":null,"formSubmitURL":"https://studiolab.sagemaker.aws","usernameField":"","passwordField":"","encryptedUsername":"MFIEEPgAAAAAAAAAAAAAAAAAAAEwFAYIKoZIhvcNAwcECBAYiWGLYckZBCg0npbaqKCCdwONHS3dpN0CSOFliEyZPWK4byIXrOBPp2RdoYosIUaV","encryptedPassword":"MDoEEPgAAAAAAAAAAAAAAAAAAAEwFAYIKoZIhvcNAwcECEvGPotuLLSRBBA/H9moKpwwHBZW5DxoCWIf","guid":"{08565e97-379f-4118-bc8b-a014e9afa057}","encType":1,"timeCreated":1734075559177,"timeLastUsed":1734102694766,"timePasswordChanged":1734075559177,"timesUsed":2,"syncCounter":1,"everSynced":false,"encryptedUnknownFields":null},{"id":73,"hostname":"https://studiolab.sagemaker.aws","httpRealm":null,"formSubmitURL":"https://studiolab.sagemaker.aws","usernameField":"","passwordField":"","encryptedUsername":"MEoEEPgAAAAAAAAAAAAAAAAAAAEwFAYIKoZIhvcNAwcECHuhAc7PwSyKBCD+6XkKXIhycM8uhVjy313fvPgP5H9G2xTfjSReyovbBw==","encryptedPassword":"MDoEEPgAAAAAAAAAAAAAAAAAAAEwFAYIKoZIhvcNAwcECPqHMOg8muvSBBBkYkC7IW1DgR4uNCq7fHp8","guid":"{97bcf6c3-1a4e-46bd-b2dd-ffffb5415516}","encType":1,"timeCreated":1734075641104,"timeLastUsed":1734103433564,"timePasswordChanged":1734075641104,"timesUsed":3,"syncCounter":1,"everSynced":false,"encryptedUnknownFields":null},{"id":74,"hostname":"https://studiolab.sagemaker.aws","httpRealm":null,"formSubmitURL":"https://studiolab.sagemaker.aws","usernameField":"","passwordField":"","encryptedUsername":"MEoEEPgAAAAAAAAAAAAAAAAAAAEwFAYIKoZIhvcNAwcECN4xbzjw93g7BCAD5tHeX1/uZI6sapCkMk99z6lHn/Qk8cJPzwb7XmrkTA==","encryptedPassword":"MDoEEPgAAAAAAAAAAAAAAAAAAAEwFAYIKoZIhvcNAwcECI88EN60WMG5BBByxbfxoRoHJeRIVqHjgdZ8","guid":"{a4035e98-b2f9-4ba3-bef8-fdabef4b337e}","encType":1,"timeCreated":1734075886861,"timeLastUsed":1734103294944,"timePasswordChanged":1734075886861,"timesUsed":3,"syncCounter":1,"everSynced":false,"encryptedUnknownFields":null},{"id":75,"hostname":"https://studiolab.sagemaker.aws","httpRealm":null,"formSubmitURL":"https://studiolab.sagemaker.aws","usernameField":"","passwordField":"","encryptedUsername":"MEoEEPgAAAAAAAAAAAAAAAAAAAEwFAYIKoZIhvcNAwcECHufqJncOkm/BCB+hDQvrRZfopLNIOX/NDR/FHt4CJJajkC0dwEy4by4aw==","encryptedPassword":"MDoEEPgAAAAAAAAAAAAAAAAAAAEwFAYIKoZIhvcNAwcECHGpFEI+8/cMBBD3aQ5mFDGRSbudSdE/bFqL","guid":"{3202a0e1-19cf-4066-b62d-31e9ee23ddfd}","encType":1,"timeCreated":1734075999778,"timeLastUsed":1734104537884,"timePasswordChanged":1734075999778,"timesUsed":4,"syncCounter":1,"everSynced":false,"encryptedUnknownFields":null},{"id":76,"hostname":"https://studiolab.sagemaker.aws","httpRealm":null,"formSubmitURL":"https://studiolab.sagemaker.aws","usernameField":"","passwordField":"","encryptedUsername":"MEoEEPgAAAAAAAAAAAAAAAAAAAEwFAYIKoZIhvcNAwcECD9fxjjaI/QHBCBM9CwvRWikcD6s78mOGNCBvPgzqDbkJ7HKXyHTcOEd6A==","encryptedPassword":"MDoEEPgAAAAAAAAAAAAAAAAAAAEwFAYIKoZIhvcNAwcECI+OZNZCsjRDBBBihcG/oM0ZOMzgzRKTt++E","guid":"{e7f5608c-98e1-413a-a64b-48fb2bb60542}","encType":1,"timeCreated":1734076085265,"timeLastUsed":1734103716074,"timePasswordChanged":1734076085265,"timesUsed":3,"syncCounter":1,"everSynced":false,"encryptedUnknownFields":null},{"id":77,"hostname":"https://studiolab.sagemaker.aws","httpRealm":null,"formSubmitURL":"https://studiolab.sagemaker.aws","usernameField":"","passwordField":"","encryptedUsername":"MFIEEPgAAAAAAAAAAAAAAAAAAAEwFAYIKoZIhvcNAwcECAgxIvnJClqpBCjsWK2r1UoP8RugMhEyZs57Ds4bMN1m1KVQpKauxTm6YngWsrhrvX4D","encryptedPassword":"MDoEEPgAAAAAAAAAAAAAAAAAAAEwFAYIKoZIhvcNAwcECFhr6bpDHLJtBBD8P9E/EdWuRciw1WJexmat","guid":"{23eb5e37-62c4-4281-8fd4-68ff890d7dd3}","encType":1,"timeCreated":1734076135692,"timeLastUsed":1734103157144,"timePasswordChanged":1734076135692,"timesUsed":4,"syncCounter":1,"everSynced":false,"encryptedUnknownFields":null},{"id":78,"hostname":"https://studiolab.sagemaker.aws","httpRealm":null,"formSubmitURL":"https://studiolab.sagemaker.aws","usernameField":"","passwordField":"","encryptedUsername":"MEoEEPgAAAAAAAAAAAAAAAAAAAEwFAYIKoZIhvcNAwcECDB81L7X3gYdBCC9yVxBZw93oEG3nVlueg4J+vZqLqejq1F2EgQwOQdBGA==","encryptedPassword":"MDoEEPgAAAAAAAAAAAAAAAAAAAEwFAYIKoZIhvcNAwcECLhBiDKDim78BBCpwFqmJX3FpID63Wf2GB4o","guid":"{416f7a86-bdb3-4425-b987-c2cf306fbd23}","encType":1,"timeCreated":1734076195013,"timeLastUsed":1734103264303,"timePasswordChanged":1734076195013,"timesUsed":4,"syncCounter":1,"everSynced":false,"encryptedUnknownFields":null},{"id":79,"hostname":"https://studiolab.sagemaker.aws","httpRealm":null,"formSubmitURL":"https://studiolab.sagemaker.aws","usernameField":"","passwordField":"","encryptedUsername":"MFIEEPgAAAAAAAAAAAAAAAAAAAEwFAYIKoZIhvcNAwcECOnYLfdClqN1BCjt6xOCQDVMVzS4sxvnE4VrkEXGPNM16s2Xtv5Kr2MUJxfl2PtsSzrN","encryptedPassword":"MDoEEPgAAAAAAAAAAAAAAAAAAAEwFAYIKoZIhvcNAwcECHPFDzcrJKd8BBC+89PEoDhne4/vpfJ7QDsi","guid":"{260b9194-1a66-424a-968a-3d6d0f6fdb26}","encType":1,"timeCreated":1734076317219,"timeLastUsed":1734102848644,"timePasswordChanged":1734076317219,"timesUsed":2,"syncCounter":1,"everSynced":false,"encryptedUnknownFields":null},{"id":80,"hostname":"https://studiolab.sagemaker.aws","httpRealm":null,"formSubmitURL":"https://studiolab.sagemaker.aws","usernameField":"","passwordField":"","encryptedUsername":"MEoEEPgAAAAAAAAAAAAAAAAAAAEwFAYIKoZIhvcNAwcECDIIPdND7TUIBCB+FJrCDKSaxPMPM5j6xoBCfggbekn629CEh5SyPoqifA==","encryptedPassword":"MDoEEPgAAAAAAAAAAAAAAAAAAAEwFAYIKoZIhvcNAwcECK4+gVjGytfRBBCPCs3ecrBN4u2VKcNuOFDj","guid":"{766c728c-66d3-4964-8967-28947cad3fa5}","encType":1,"timeCreated":1734076366043,"timeLastUsed":1734101906369,"timePasswordChanged":1734076366043,"timesUsed":2,"syncCounter":1,"everSynced":false,"encryptedUnknownFields":null},{"id":81,"hostname":"https://studiolab.sagemaker.aws","httpRealm":null,"formSubmitURL":"https://studiolab.sagemaker.aws","usernameField":"","passwordField":"","encryptedUsername":"MFIEEPgAAAAAAAAAAAAAAAAAAAEwFAYIKoZIhvcNAwcECDrVf7sSCS6NBCjUmvToOVhp87rV7EZNRJb1GSOLm9dehKG3Zk8cyMP7PkX+rYW81nba","encryptedPassword":"MDoEEPgAAAAAAAAAAAAAAAAAAAEwFAYIKoZIhvcNAwcECGnLrtmiovMnBBDNw9XrcoKeXZyGpmw5O+N2","guid":"{313dc5c7-57c8-42ee-aba8-cc8ba5ee474a}","encType":1,"timeCreated":1734076399176,"timeLastUsed":1734103453573,"timePasswordChanged":1734076399176,"timesUsed":2,"syncCounter":1,"everSynced":false,"encryptedUnknownFields":null},{"id":82,"hostname":"https://studiolab.sagemaker.aws","httpRealm":null,"formSubmitURL":"https://studiolab.sagemaker.aws","usernameField":"","passwordField":"","encryptedUsername":"MFIEEPgAAAAAAAAAAAAAAAAAAAEwFAYIKoZIhvcNAwcECErJN7mE8+UBBCgyCt7/TtL93hWid3RuIa1uwT5AnPeBktuzlEg+IQmtOLmhQBRJO3pR","encryptedPassword":"MDoEEPgAAAAAAAAAAAAAAAAAAAEwFAYIKoZIhvcNAwcECANYdMjANTgHBBCy4Qm4Tij6g7eFcSd85Tmh","guid":"{d4e32245-9a4d-40ac-bbad-eb952e1a0288}","encType":1,"timeCreated":1734076454395,"timeLastUsed":1734101777248,"timePasswordChanged":1734076454395,"timesUsed":2,"syncCounter":1,"everSynced":false,"encryptedUnknownFields":null},{"id":83,"hostname":"https://studiolab.sagemaker.aws","httpRealm":null,"formSubmitURL":"https://studiolab.sagemaker.aws","usernameField":"","passwordField":"","encryptedUsername":"MFIEEPgAAAAAAAAAAAAAAAAAAAEwFAYIKoZIhvcNAwcECLrOeMFrVaJpBChM/pSC7okFDhC3z73U+0qPhrKsMbvFNxUjZavTRV3ZYw1p6/CKFosy","encryptedPassword":"MDoEEPgAAAAAAAAAAAAAAAAAAAEwFAYIKoZIhvcNAwcECOkR+3sqputcBBAHRdLc1Xley8Ox7eaFJeKk","guid":"{0afbbd2c-edcf-47f1-9da6-1e6b39780742}","encType":1,"timeCreated":1734076559617,"timeLastUsed":1734104032398,"timePasswordChanged":1734076559617,"timesUsed":3,"syncCounter":1,"everSynced":false,"encryptedUnknownFields":null},{"id":84,"hostname":"https://studiolab.sagemaker.aws","httpRealm":null,"formSubmitURL":"https://studiolab.sagemaker.aws","usernameField":"","passwordField":"","encryptedUsername":"MFIEEPgAAAAAAAAAAAAAAAAAAAEwFAYIKoZIhvcNAwcECLSok67yUis1BCi90+p3jjBkTvdfg9TI5eeqvEFA1U4ydK3H+Q/ASnWlNmOjAPKAydm5","encryptedPassword":"MDoEEPgAAAAAAAAAAAAAAAAAAAEwFAYIKoZIhvcNAwcECARghILW4pKiBBAWjcxBU+cw8DV9Uz8hjX2B","guid":"{023c459a-4dd2-4ed3-88d8-4aa5b43ae794}","encType":1,"timeCreated":1734076590495,"timeLastUsed":1734104500854,"timePasswordChanged":1734076590495,"timesUsed":5,"syncCounter":1,"everSynced":false,"encryptedUnknownFields":null},{"id":85,"hostname":"https://studiolab.sagemaker.aws","httpRealm":null,"formSubmitURL":"https://studiolab.sagemaker.aws","usernameField":"","passwordField":"","encryptedUsername":"MFIEEPgAAAAAAAAAAAAAAAAAAAEwFAYIKoZIhvcNAwcECKTfv5fhI2VlBCjSAtbTZKJiN37aSvTGrh43pt0KW14ntKoI/i7nfmPPGfAwcGkE1W5K","encryptedPassword":"MDoEEPgAAAAAAAAAAAAAAAAAAAEwFAYIKoZIhvcNAwcECPpmgvpYtHojBBAhu1O7XPisBX8zVySgUjvm","guid":"{43c88f95-d88a-45b7-bf30-9c879413cb0b}","encType":1,"timeCreated":1734076881739,"timeLastUsed":1734103188934,"timePasswordChanged":1734076881739,"timesUsed":3,"syncCounter":1,"everSynced":false,"encryptedUnknownFields":null},{"id":86,"hostname":"https://studiolab.sagemaker.aws","httpRealm":null,"formSubmitURL":"https://studiolab.sagemaker.aws","usernameField":"","passwordField":"","encryptedUsername":"MFIEEPgAAAAAAAAAAAAAAAAAAAEwFAYIKoZIhvcNAwcECBystyTq6gLNBCjSA5YVfttfsIoulz14RL8qzgK8M1r7e/p1Wf0P7EDyXaZIpT1NQdtP","encryptedPassword":"MDoEEPgAAAAAAAAAAAAAAAAAAAEwFAYIKoZIhvcNAwcECIRPBk7c7pOjBBBbaebjIYibsVgkNRr3HVPV","guid":"{e3f850b3-5131-4262-89a2-34ed203ffaab}","encType":1,"timeCreated":1734076908415,"timeLastUsed":1734076908415,"timePasswordChanged":1734076908415,"timesUsed":1,"syncCounter":1,"everSynced":false,"encryptedUnknownFields":"MDIEEPgAAAAAAAAAAAAAAAAAAAEwFAYIKoZIhvcNAwcECDTQbgEsr9XxBAgVLZ98gO8SHw=="},{"id":87,"hostname":"https://studiolab.sagemaker.aws","httpRealm":null,"formSubmitURL":"https://studiolab.sagemaker.aws","usernameField":"","passwordField":"","encryptedUsername":"MFIEEPgAAAAAAAAAAAAAAAAAAAEwFAYIKoZIhvcNAwcECOlYGzfvDJjABCjeI7yvODjtNEtwdAOcKN4Q6gw/KQ4JhF6et2rJaOOc8/1UsG4/L5VU","encryptedPassword":"MDoEEPgAAAAAAAAAAAAAAAAAAAEwFAYIKoZIhvcNAwcECHqvOmmcyU4NBBAdCZDhPMgjY3IXsP510Emd","guid":"{2e9ac4c9-bf25-4e16-baa6-fcc2531df2a5}","encType":1,"timeCreated":1734076946524,"timeLastUsed":1734102221507,"timePasswordChanged":1734076946524,"timesUsed":2,"syncCounter":1,"everSynced":false,"encryptedUnknownFields":null},{"id":88,"hostname":"https://studiolab.sagemaker.aws","httpRealm":null,"formSubmitURL":"https://studiolab.sagemaker.aws","usernameField":"","passwordField":"","encryptedUsername":"MFIEEPgAAAAAAAAAAAAAAAAAAAEwFAYIKoZIhvcNAwcECE+xFEMK+uJwBCiBttd+3QlPSN2DFVcgeP8p4FSNiJ4SbgRX9XcDYe+GEvkTg+L3r/ZP","encryptedPassword":"MDoEEPgAAAAAAAAAAAAAAAAAAAEwFAYIKoZIhvcNAwcECLfDjSR6agp3BBCPsMkGnLQV6z2pAQnYSrgk","guid":"{25239773-5edc-4411-8ead-4f16f3925e81}","encType":1,"timeCreated":1734076966702,"timeLastUsed":1734103686807,"timePasswordChanged":1734076966702,"timesUsed":3,"syncCounter":1,"everSynced":false,"encryptedUnknownFields":null},{"id":89,"hostname":"https://studiolab.sagemaker.aws","httpRealm":null,"formSubmitURL":"https://studiolab.sagemaker.aws","usernameField":"","passwordField":"","encryptedUsername":"MFIEEPgAAAAAAAAAAAAAAAAAAAEwFAYIKoZIhvcNAwcECHOixsj17BRrBCjp10+uAsb8U9Ss2Y93Rt45NLFptD3InI6ySVPoaX7lIWf7I0qLLrpg","encryptedPassword":"MDoEEPgAAAAAAAAAAAAAAAAAAAEwFAYIKoZIhvcNAwcECNLr2V6ZbrjLBBC5Dz5ACfEwBi6dorjvU7Ya","guid":"{2c293649-77b6-4990-9d9b-5f0a4c765769}","encType":1,"timeCreated":1734077596566,"timeLastUsed":1734104405303,"timePasswordChanged":1734077596566,"timesUsed":6,"syncCounter":1,"everSynced":false,"encryptedUnknownFields":null}],"potentiallyVulnerablePasswords":[],"dismissedBreachAlertsByLoginGUID":{},"version":3}