{"nextId":29,"logins":[{"id":1,"hostname":"https://studiolab.sagemaker.aws","httpRealm":null,"formSubmitURL":"https://studiolab.sagemaker.aws","usernameField":"username","passwordField":"password","encryptedUsername":"MEIEEPgAAAAAAAAAAAAAAAAAAAEwFAYIKoZIhvcNAwcECAeg9OAMyhRlBBi3MXkUpBY6A9J9Uv3ML/mYdmQnLl/6lOo=","encryptedPassword":"MDoEEPgAAAAAAAAAAAAAAAAAAAEwFAYIKoZIhvcNAwcECAZADVskeeooBBBC6DTlNmWXmojdsC0QWUSF","guid":"{e72aa2ce-48ba-496e-8d16-af87e6c06639}","encType":1,"timeCreated":1734057005878,"timeLastUsed":1734057005878,"timePasswordChanged":1734057005878,"timesUsed":1,"syncCounter":1,"everSynced":false,"encryptedUnknownFields":"MDIEEPgAAAAAAAAAAAAAAAAAAAEwFAYIKoZIhvcNAwcECKySrX40XcU3BAg8Dpq9bVEQmQ=="},{"id":2,"hostname":"https://studiolab.sagemaker.aws","httpRealm":null,"formSubmitURL":"https://studiolab.sagemaker.aws","usernameField":"username","passwordField":"password","encryptedUsername":"MEoEEPgAAAAAAAAAAAAAAAAAAAEwFAYIKoZIhvcNAwcECLM9BzoAbDrrBCBkyCTDR7C5Ql7UGm2k1/s41sV36SRwfBM+kt3IwxExFg==","encryptedPassword":"MDoEEPgAAAAAAAAAAAAAAAAAAAEwFAYIKoZIhvcNAwcECEcS1wbh8t19BBDpEwoRVq1nAfObyo6GQJSo","guid":"{7f67d45f-e7c5-4418-b59e-2f87c4af68ef}","encType":1,"timeCreated":1734057035247,"timeLastUsed":1734057035247,"timePasswordChanged":1734057035247,"timesUsed":1,"syncCounter":1,"everSynced":false,"encryptedUnknownFields":"MDIEEPgAAAAAAAAAAAAAAAAAAAEwFAYIKoZIhvcNAwcECGeBRGCthqmhBAhBpXlZdVVGdQ=="},{"id":3,"hostname":"https://studiolab.sagemaker.aws","httpRealm":null,"formSubmitURL":"https://studiolab.sagemaker.aws","usernameField":"username","passwordField":"password","encryptedUsername":"MEIEEPgAAAAAAAAAAAAAAAAAAAEwFAYIKoZIhvcNAwcECDsGQ3sHmHUnBBhz+nWdTZwhl46L38PnOf6rt+GOHv2igYA=","encryptedPassword":"MDoEEPgAAAAAAAAAAAAAAAAAAAEwFAYIKoZIhvcNAwcECJMPQZq57KguBBBKLU8RnSrTjvyyBBBu/U6I","guid":"{8ea33907-1a9f-47da-b59c-ac0b1cc737d8}","encType":1,"timeCreated":1734057056762,"timeLastUsed":1734057056762,"timePasswordChanged":1734057056762,"timesUsed":1,"syncCounter":1,"everSynced":false,"encryptedUnknownFields":"MDIEEPgAAAAAAAAAAAAAAAAAAAEwFAYIKoZIhvcNAwcECA4zPNsaiAh6BAjPz0VX//oOfw=="},{"id":4,"hostname":"https://studiolab.sagemaker.aws","httpRealm":null,"formSubmitURL":"https://studiolab.sagemaker.aws","usernameField":"username","passwordField":"password","encryptedUsername":"MEoEEPgAAAAAAAAAAAAAAAAAAAEwFAYIKoZIhvcNAwcECMMa0CflZCcFBCB+iHC3bCN96o6Vx0ta0df87GdBjVpaNRyOSB1Sy2AEsA==","encryptedPassword":"MDoEEPgAAAAAAAAAAAAAAAAAAAEwFAYIKoZIhvcNAwcECA/1juIiizFYBBBTxAlzrJ8ddjkoZMUwcr19","guid":"{21fc216f-db14-4dd5-bdab-e0038b6f6dd1}","encType":1,"timeCreated":1734057111676,"timeLastUsed":1734057111676,"timePasswordChanged":1734057111676,"timesUsed":1,"syncCounter":1,"everSynced":false,"encryptedUnknownFields":"MDIEEPgAAAAAAAAAAAAAAAAAAAEwFAYIKoZIhvcNAwcECIubpFDlFVmDBAiDnSbBU+blsg=="},{"id":5,"hostname":"https://studiolab.sagemaker.aws","httpRealm":null,"formSubmitURL":"https://studiolab.sagemaker.aws","usernameField":"username","passwordField":"password","encryptedUsername":"MEoEEPgAAAAAAAAAAAAAAAAAAAEwFAYIKoZIhvcNAwcECAzXU/n/pnJrBCCLP9KLSYjxTb/ylIy6Jn8kvGqhTIkIb+sDppJ8XoY5iQ==","encryptedPassword":"MDoEEPgAAAAAAAAAAAAAAAAAAAEwFAYIKoZIhvcNAwcECCWEAF+UoFVWBBCfoFK9GKW2ifdLoI+wiEsC","guid":"{566f3a31-ad83-4309-9629-3b351603682d}","encType":1,"timeCreated":1734057136066,"timeLastUsed":1734057136066,"timePasswordChanged":1734057136066,"timesUsed":1,"syncCounter":1,"everSynced":false,"encryptedUnknownFields":"MDIEEPgAAAAAAAAAAAAAAAAAAAEwFAYIKoZIhvcNAwcECBusJlooFMeuBAhDHUSAbQ26xg=="},{"id":6,"hostname":"https://studiolab.sagemaker.aws","httpRealm":null,"formSubmitURL":"https://studiolab.sagemaker.aws","usernameField":"username","passwordField":"password","encryptedUsername":"MEoEEPgAAAAAAAAAAAAAAAAAAAEwFAYIKoZIhvcNAwcECAfljGNkbCR6BCBAC9zaH4L+obywRyElGQ+fPieeo2DV6l+B87oMqxLPuA==","encryptedPassword":"MDoEEPgAAAAAAAAAAAAAAAAAAAEwFAYIKoZIhvcNAwcECCllMIuB0bsEBBA+ZJRTothJ7+jtHG0MfFs8","guid":"{644cf3f8-24fd-4909-908d-1eceb86910c3}","encType":1,"timeCreated":1734057329930,"timeLastUsed":1734057329930,"timePasswordChanged":1734057329930,"timesUsed":1,"syncCounter":1,"everSynced":false,"encryptedUnknownFields":"MDIEEPgAAAAAAAAAAAAAAAAAAAEwFAYIKoZIhvcNAwcECE8grqf1THJABAheniX/zVn+Sg=="},{"id":7,"hostname":"https://studiolab.sagemaker.aws","httpRealm":null,"formSubmitURL":"https://studiolab.sagemaker.aws","usernameField":"username","passwordField":"password","encryptedUsername":"MEoEEPgAAAAAAAAAAAAAAAAAAAEwFAYIKoZIhvcNAwcECKRNi4X4PFQZBCDgyJqXGztD3it6zDH0A01J/u6qKp5hfgqhpcx/ZvS1KQ==","encryptedPassword":"MDoEEPgAAAAAAAAAAAAAAAAAAAEwFAYIKoZIhvcNAwcECBWzJzrLnN7XBBA/PPhE4uiRufYTPlE5ESvK","guid":"{15d742db-3b15-4148-b5c3-48ba4a4b5c9e}","encType":1,"timeCreated":1734057358252,"timeLastUsed":1734057358252,"timePasswordChanged":1734057358252,"timesUsed":1,"syncCounter":1,"everSynced":false,"encryptedUnknownFields":"MDIEEPgAAAAAAAAAAAAAAAAAAAEwFAYIKoZIhvcNAwcECBtFgL9EK7rgBAhjwbcRJsARng=="},{"id":8,"hostname":"https://studiolab.sagemaker.aws","httpRealm":null,"formSubmitURL":"https://studiolab.sagemaker.aws","usernameField":"username","passwordField":"password","encryptedUsername":"MEoEEPgAAAAAAAAAAAAAAAAAAAEwFAYIKoZIhvcNAwcECPSf/dJp9WbTBCDixp8/0OqIf0qa8Up6H8JDDO8jco4MNmXcfBcfX+4zKw==","encryptedPassword":"MDoEEPgAAAAAAAAAAAAAAAAAAAEwFAYIKoZIhvcNAwcECJCBk0eoumhUBBBI4RyowQUEoC9L/QNs9gFK","guid":"{00964fe8-0d64-4134-9ffb-b11778d4ee72}","encType":1,"timeCreated":1734058371318,"timeLastUsed":1734058371318,"timePasswordChanged":1734058371318,"timesUsed":1,"syncCounter":1,"everSynced":false,"encryptedUnknownFields":"MDIEEPgAAAAAAAAAAAAAAAAAAAEwFAYIKoZIhvcNAwcECEOohQ7a5ppOBAh9EE9Cmzgo1Q=="},{"id":9,"hostname":"https://studiolab.sagemaker.aws","httpRealm":null,"formSubmitURL":"https://studiolab.sagemaker.aws","usernameField":"username","passwordField":"password","encryptedUsername":"MEoEEPgAAAAAAAAAAAAAAAAAAAEwFAYIKoZIhvcNAwcECO8W40gfGXZBBCCMuUojulVdzo2wi6mRbeD5BlzaeIX151DU8tyRJt5mUw==","encryptedPassword":"MDoEEPgAAAAAAAAAAAAAAAAAAAEwFAYIKoZIhvcNAwcECABB+6nbbQPcBBCrPx34LTDKdLu9lbHeTELx","guid":"{4797af24-dfe4-4cc0-a1f1-2f374a146a61}","encType":1,"timeCreated":1734058387719,"timeLastUsed":1734058387719,"timePasswordChanged":1734058387719,"timesUsed":1,"syncCounter":1,"everSynced":false,"encryptedUnknownFields":"MDIEEPgAAAAAAAAAAAAAAAAAAAEwFAYIKoZIhvcNAwcECMjboH3yKqdZBAj3mnof3FtXkw=="},{"id":10,"hostname":"https://studiolab.sagemaker.aws","httpRealm":null,"formSubmitURL":"https://studiolab.sagemaker.aws","usernameField":"username","passwordField":"password","encryptedUsername":"MEIEEPgAAAAAAAAAAAAAAAAAAAEwFAYIKoZIhvcNAwcECIegk721C5XRBBhzOiompDYPFbfJRtpLNppf/N4RK7vtbjc=","encryptedPassword":"MDoEEPgAAAAAAAAAAAAAAAAAAAEwFAYIKoZIhvcNAwcECBx7RgoV1RdbBBBP/Axe7TF88YH4rkFD1479","guid":"{e6297501-0c17-4205-8b0d-ada868b20cb5}","encType":1,"timeCreated":1734058515804,"timeLastUsed":1734058515804,"timePasswordChanged":1734058515804,"timesUsed":1,"syncCounter":1,"everSynced":false,"encryptedUnknownFields":"MDIEEPgAAAAAAAAAAAAAAAAAAAEwFAYIKoZIhvcNAwcECL99+Cy+1qjXBAgCLVsrBmRefg=="},{"id":11,"hostname":"https://studiolab.sagemaker.aws","httpRealm":null,"formSubmitURL":"https://studiolab.sagemaker.aws","usernameField":"username","passwordField":"password","encryptedUsername":"MEoEEPgAAAAAAAAAAAAAAAAAAAEwFAYIKoZIhvcNAwcECPjbPvGuBWaXBCCXEwMKwoG23UQYlnc2ENikexSaQYbzs+aTtjbTjpP9+g==","encryptedPassword":"MDoEEPgAAAAAAAAAAAAAAAAAAAEwFAYIKoZIhvcNAwcECNKI0veN6INOBBDwLI9yRph+uwYHHewi4o9I","guid":"{4b1e7927-f504-407b-b639-52fa003f4cd8}","encType":1,"timeCreated":1734058547858,"timeLastUsed":1734058547858,"timePasswordChanged":1734058547858,"timesUsed":1,"syncCounter":1,"everSynced":false,"encryptedUnknownFields":"MDIEEPgAAAAAAAAAAAAAAAAAAAEwFAYIKoZIhvcNAwcECDZBsfOiLUFlBAimnzQfDgAgug=="},{"id":12,"hostname":"https://studiolab.sagemaker.aws","httpRealm":null,"formSubmitURL":"https://studiolab.sagemaker.aws","usernameField":"username","passwordField":"password","encryptedUsername":"MEoEEPgAAAAAAAAAAAAAAAAAAAEwFAYIKoZIhvcNAwcECEUkyeFUTiOqBCDDrsRIucWQUV1yqzAm1T7O7nOEN232nO+Gi186dp6C/Q==","encryptedPassword":"MDoEEPgAAAAAAAAAAAAAAAAAAAEwFAYIKoZIhvcNAwcECCAP5137wMdjBBBdo4pULh5bMmTfoUVev20s","guid":"{516394a1-ed45-47a9-a92a-ee83e1d6d941}","encType":1,"timeCreated":1734058571722,"timeLastUsed":1734058571722,"timePasswordChanged":1734058571722,"timesUsed":1,"syncCounter":1,"everSynced":false,"encryptedUnknownFields":"MDIEEPgAAAAAAAAAAAAAAAAAAAEwFAYIKoZIhvcNAwcECOhnyoUP9J05BAhSszn12Lk6FQ=="},{"id":13,"hostname":"https://studiolab.sagemaker.aws","httpRealm":null,"formSubmitURL":"https://studiolab.sagemaker.aws","usernameField":"username","passwordField":"password","encryptedUsername":"MEIEEPgAAAAAAAAAAAAAAAAAAAEwFAYIKoZIhvcNAwcECMfuimrsKJxaBBhe5CRs0maw+pU+NcyhwoTulCpleZwldcc=","encryptedPassword":"MDoEEPgAAAAAAAAAAAAAAAAAAAEwFAYIKoZIhvcNAwcECJ4iHevBqhLRBBDj0UnMUsARZLypNhMMdm4q","guid":"{3cecd946-a4a1-419e-b359-ed4eb6569431}","encType":1,"timeCreated":1734058971938,"timeLastUsed":1734058971938,"timePasswordChanged":1734058971938,"timesUsed":1,"syncCounter":1,"everSynced":false,"encryptedUnknownFields":"MDIEEPgAAAAAAAAAAAAAAAAAAAEwFAYIKoZIhvcNAwcECMtOtPPh2A/8BAiq+W8jw1dsbA=="},{"id":14,"hostname":"https://studiolab.sagemaker.aws","httpRealm":null,"formSubmitURL":"https://studiolab.sagemaker.aws","usernameField":"username","passwordField":"password","encryptedUsername":"MEIEEPgAAAAAAAAAAAAAAAAAAAEwFAYIKoZIhvcNAwcECLnr18x58E7fBBiVeXdDuxcBlBFGxVjXzuq5RiCO5bJjFVU=","encryptedPassword":"MDoEEPgAAAAAAAAAAAAAAAAAAAEwFAYIKoZIhvcNAwcECKOjy3fLP8H9BBDbw0hAIWhQro5O5VHX0kgf","guid":"{f2813dc3-ef32-4d6c-a5e5-fdcbbb105da5}","encType":1,"timeCreated":1734059087393,"timeLastUsed":1734061804277,"timePasswordChanged":1734059087393,"timesUsed":2,"syncCounter":1,"everSynced":false,"encryptedUnknownFields":null},{"id":15,"hostname":"https://studiolab.sagemaker.aws","httpRealm":null,"formSubmitURL":"https://studiolab.sagemaker.aws","usernameField":"username","passwordField":"password","encryptedUsername":"MEoEEPgAAAAAAAAAAAAAAAAAAAEwFAYIKoZIhvcNAwcECLaAIYzn8nOeBCBtS0adTezBPbWG+5zxRdLY9E5lF0Hc+/u4axmHcgWvMw==","encryptedPassword":"MDoEEPgAAAAAAAAAAAAAAAAAAAEwFAYIKoZIhvcNAwcECDQFDO/y4ZkMBBDZpj6IPW2NhTUfVVVWHodw","guid":"{efd65f79-d55d-4175-922b-250b44a1b193}","encType":1,"timeCreated":1734059209312,"timeLastUsed":1734061732875,"timePasswordChanged":1734059209312,"timesUsed":2,"syncCounter":1,"everSynced":false,"encryptedUnknownFields":null},{"id":16,"hostname":"https://studiolab.sagemaker.aws","httpRealm":null,"formSubmitURL":"https://studiolab.sagemaker.aws","usernameField":"username","passwordField":"password","encryptedUsername":"MEoEEPgAAAAAAAAAAAAAAAAAAAEwFAYIKoZIhvcNAwcECPQzp/dFaBtMBCB5EcRCXH5wu3Iy2ftHHE6orcQEJSG2dEwjvOA/JFafbA==","encryptedPassword":"MDoEEPgAAAAAAAAAAAAAAAAAAAEwFAYIKoZIhvcNAwcECHuGx2ijRyLvBBBfH3ohjq6jBr41KSmAIwXe","guid":"{be30db26-485f-43cf-b83d-74c253077f52}","encType":1,"timeCreated":1734059440863,"timeLastUsed":1734059440863,"timePasswordChanged":1734059440863,"timesUsed":1,"syncCounter":1,"everSynced":false,"encryptedUnknownFields":"MDIEEPgAAAAAAAAAAAAAAAAAAAEwFAYIKoZIhvcNAwcECCYLVH+/RpTLBAgSG6LiLEecKg=="},{"id":17,"hostname":"https://studiolab.sagemaker.aws","httpRealm":null,"formSubmitURL":"https://studiolab.sagemaker.aws","usernameField":"username","passwordField":"password","encryptedUsername":"MEIEEPgAAAAAAAAAAAAAAAAAAAEwFAYIKoZIhvcNAwcECIokbH2CMof6BBhfW3KkdgUq+8vSELZaYeKwSRX1riPQPeQ=","encryptedPassword":"MDoEEPgAAAAAAAAAAAAAAAAAAAEwFAYIKoZIhvcNAwcECHcgE8O+tvgLBBBX3Qerr2dcpJSFzpOq+HXt","guid":"{e97a0b6c-0d46-49b4-b232-4efd330c6792}","encType":1,"timeCreated":1734059476593,"timeLastUsed":1734059476593,"timePasswordChanged":1734059476593,"timesUsed":1,"syncCounter":1,"everSynced":false,"encryptedUnknownFields":"MDIEEPgAAAAAAAAAAAAAAAAAAAEwFAYIKoZIhvcNAwcECOmFssJDoeBpBAjyinCkQ/ZXYg=="},{"id":18,"hostname":"https://studiolab.sagemaker.aws","httpRealm":null,"formSubmitURL":"https://studiolab.sagemaker.aws","usernameField":"username","passwordField":"password","encryptedUsername":"MEoEEPgAAAAAAAAAAAAAAAAAAAEwFAYIKoZIhvcNAwcECO0BqcZDPEdXBCAssLmpgYeehP8c8SUbfZKdV/cjCXlaUULbhASt7MLNoA==","encryptedPassword":"MDoEEPgAAAAAAAAAAAAAAAAAAAEwFAYIKoZIhvcNAwcECLw8vOebJBtXBBB/lOiU60bg8waYqYORM1dO","guid":"{0f6ba477-5a6c-41f7-83cd-7242db536900}","encType":1,"timeCreated":1734059667794,"timeLastUsed":1734059667794,"timePasswordChanged":1734059667794,"timesUsed":1,"syncCounter":1,"everSynced":false,"encryptedUnknownFields":"MDIEEPgAAAAAAAAAAAAAAAAAAAEwFAYIKoZIhvcNAwcECEu538Ax/g+nBAiVDtMUI7vewA=="},{"id":19,"hostname":"https://studiolab.sagemaker.aws","httpRealm":null,"formSubmitURL":"https://studiolab.sagemaker.aws","usernameField":"username","passwordField":"password","encryptedUsername":"MEoEEPgAAAAAAAAAAAAAAAAAAAEwFAYIKoZIhvcNAwcECEMLUwdHtWCfBCDQqKgUo7Ve/UfO+Rv7SzccDaaG6FRISSF/rTiAuGT3Bg==","encryptedPassword":"MDoEEPgAAAAAAAAAAAAAAAAAAAEwFAYIKoZIhvcNAwcECCSYRgUfu000BBA0quy1bBIyGsvSorWLJ94y","guid":"{507a4113-fa59-43fb-9d1d-6ec608f1d08e}","encType":1,"timeCreated":1734059783397,"timeLastUsed":1734059783397,"timePasswordChanged":1734059783397,"timesUsed":1,"syncCounter":1,"everSynced":false,"encryptedUnknownFields":"MDIEEPgAAAAAAAAAAAAAAAAAAAEwFAYIKoZIhvcNAwcECP47eT+yEyKzBAhQ6dN3hu6xng=="},{"id":20,"hostname":"https://studiolab.sagemaker.aws","httpRealm":null,"formSubmitURL":"https://studiolab.sagemaker.aws","usernameField":"username","passwordField":"password","encryptedUsername":"MEIEEPgAAAAAAAAAAAAAAAAAAAEwFAYIKoZIhvcNAwcECDTlfcS7sRSdBBjL52bVR08r5SVlAUVALbM0nL/216b8HR8=","encryptedPassword":"MDoEEPgAAAAAAAAAAAAAAAAAAAEwFAYIKoZIhvcNAwcECHp2EmWGLJzMBBDMBKymGVkr2Vszu4FNNgIZ","guid":"{7c5ad3fb-bfcd-422a-8ac5-4dc7d66a8f83}","encType":1,"timeCreated":1734059838803,"timeLastUsed":1734059838803,"timePasswordChanged":1734059838803,"timesUsed":1,"syncCounter":1,"everSynced":false,"encryptedUnknownFields":"MDIEEPgAAAAAAAAAAAAAAAAAAAEwFAYIKoZIhvcNAwcECA5QC5u1HTABBAjauZfqXzrPmw=="},{"id":21,"hostname":"https://studiolab.sagemaker.aws","httpRealm":null,"formSubmitURL":"https://studiolab.sagemaker.aws","usernameField":"username","passwordField":"password","encryptedUsername":"MEIEEPgAAAAAAAAAAAAAAAAAAAEwFAYIKoZIhvcNAwcECHMya2dTpm2oBBgj+/ZwuGvXNXzqXXs4xcZxnFUIVh/SNq4=","encryptedPassword":"MDoEEPgAAAAAAAAAAAAAAAAAAAEwFAYIKoZIhvcNAwcECINgbQ8MQstkBBC17gr69Gc9C+/9+EV8mHlZ","guid":"{1061f97c-ec14-4dda-be6e-f1632e57f331}","encType":1,"timeCreated":1734059939180,"timeLastUsed":1734059939180,"timePasswordChanged":1734059939180,"timesUsed":1,"syncCounter":1,"everSynced":false,"encryptedUnknownFields":"MDIEEPgAAAAAAAAAAAAAAAAAAAEwFAYIKoZIhvcNAwcECIXttXmOnYIMBAitQF/8w58rZQ=="},{"id":22,"hostname":"https://studiolab.sagemaker.aws","httpRealm":null,"formSubmitURL":"https://studiolab.sagemaker.aws","usernameField":"username","passwordField":"password","encryptedUsername":"MEIEEPgAAAAAAAAAAAAAAAAAAAEwFAYIKoZIhvcNAwcECI1XtXDtMujoBBis3Erveb6sDKfbr/3d56DsKiqadccDdHQ=","encryptedPassword":"MDoEEPgAAAAAAAAAAAAAAAAAAAEwFAYIKoZIhvcNAwcECPQiIxLORrOyBBA174VLE/9VEfbljTxtE2Eb","guid":"{3b030ee1-b711-4289-9b68-e96424d86d1e}","encType":1,"timeCreated":1734060278898,"timeLastUsed":1734060278898,"timePasswordChanged":1734060278898,"timesUsed":1,"syncCounter":1,"everSynced":false,"encryptedUnknownFields":"MDIEEPgAAAAAAAAAAAAAAAAAAAEwFAYIKoZIhvcNAwcECKgxPHstv7kGBAhsC44dHDhJZA=="},{"id":23,"hostname":"https://studiolab.sagemaker.aws","httpRealm":null,"formSubmitURL":"https://studiolab.sagemaker.aws","usernameField":"username","passwordField":"password","encryptedUsername":"MEIEEPgAAAAAAAAAAAAAAAAAAAEwFAYIKoZIhvcNAwcECKYKJwwLBGiOBBicmc3d+06HYfWK94/WkVQY5pA8BIQ4Fd0=","encryptedPassword":"MDoEEPgAAAAAAAAAAAAAAAAAAAEwFAYIKoZIhvcNAwcECGwOavpILce3BBAfOW1R2nvETYBZ69xs7GxX","guid":"{bef7ebb2-8e12-44cc-9831-7d4ad2f0a6d1}","encType":1,"timeCreated":1734060319864,"timeLastUsed":1734060319864,"timePasswordChanged":1734060319864,"timesUsed":1,"syncCounter":1,"everSynced":false,"encryptedUnknownFields":"MDIEEPgAAAAAAAAAAAAAAAAAAAEwFAYIKoZIhvcNAwcECBg7TW3SDKWUBAhnLalT8FcKCQ=="},{"id":24,"hostname":"https://studiolab.sagemaker.aws","httpRealm":null,"formSubmitURL":"https://studiolab.sagemaker.aws","usernameField":"username","passwordField":"password","encryptedUsername":"MEoEEPgAAAAAAAAAAAAAAAAAAAEwFAYIKoZIhvcNAwcECCUjcEKh3xUNBCBiOvuNhMglvwfnw02NXyV7ksrnSO1IYt/fe4VEHeVIMw==","encryptedPassword":"MDoEEPgAAAAAAAAAAAAAAAAAAAEwFAYIKoZIhvcNAwcECA68n8m7r9EaBBAh9pVzU2zDnXhMdPmYdMSp","guid":"{630a87a4-99d7-49bd-b572-1a8e9876aee9}","encType":1,"timeCreated":1734060353856,"timeLastUsed":1734060353856,"timePasswordChanged":1734060353856,"timesUsed":1,"syncCounter":1,"everSynced":false,"encryptedUnknownFields":"MDIEEPgAAAAAAAAAAAAAAAAAAAEwFAYIKoZIhvcNAwcECMhhW4NiASyHBAiZDEwkCdkCyQ=="},{"id":25,"hostname":"https://studiolab.sagemaker.aws","httpRealm":null,"formSubmitURL":"https://studiolab.sagemaker.aws","usernameField":"username","passwordField":"password","encryptedUsername":"MEoEEPgAAAAAAAAAAAAAAAAAAAEwFAYIKoZIhvcNAwcECAgCfDnYecUtBCD5EdxlLIHRV8VuEJbateevr30o8U1hCOQ59Wpf2ZoLzw==","encryptedPassword":"MDoEEPgAAAAAAAAAAAAAAAAAAAEwFAYIKoZIhvcNAwcECPGqG4ng7lt3BBBAh7zi7d04FpNBdZ8xjRCc","guid":"{c18848b0-d440-46b2-889b-00060dfe6999}","encType":1,"timeCreated":1734060397097,"timeLastUsed":1734060397097,"timePasswordChanged":1734060397097,"timesUsed":1,"syncCounter":1,"everSynced":false,"encryptedUnknownFields":"MDIEEPgAAAAAAAAAAAAAAAAAAAEwFAYIKoZIhvcNAwcECM2ioZIb6qYgBAgk8swOZnzxgA=="},{"id":26,"hostname":"https://studiolab.sagemaker.aws","httpRealm":null,"formSubmitURL":"https://studiolab.sagemaker.aws","usernameField":"username","passwordField":"password","encryptedUsername":"MEoEEPgAAAAAAAAAAAAAAAAAAAEwFAYIKoZIhvcNAwcECCazC9UJDaPyBCApQCCjNE0wnQETWrdtdd/i39083qnsGKiPuPJ11mV/rA==","encryptedPassword":"MDoEEPgAAAAAAAAAAAAAAAAAAAEwFAYIKoZIhvcNAwcECMvpxSERtSngBBBLrR/ThE2V7irZH6QsIN2U","guid":"{7700beb1-f07f-403f-be88-91170ba622ff}","encType":1,"timeCreated":1734061481172,"timeLastUsed":1734061481172,"timePasswordChanged":1734061481172,"timesUsed":1,"syncCounter":1,"everSynced":false,"encryptedUnknownFields":"MDIEEPgAAAAAAAAAAAAAAAAAAAEwFAYIKoZIhvcNAwcECD5Q9aAD4AjPBAjRlHctqWvRvg=="},{"id":27,"hostname":"https://studiolab.sagemaker.aws","httpRealm":null,"formSubmitURL":"https://studiolab.sagemaker.aws","usernameField":"username","passwordField":"password","encryptedUsername":"MEoEEPgAAAAAAAAAAAAAAAAAAAEwFAYIKoZIhvcNAwcECD+6rsADfz5qBCD43HfwKwsfV0VpKIb9v2r2NpbiAAiTEgYzSpFBfutB2g==","encryptedPassword":"MDoEEPgAAAAAAAAAAAAAAAAAAAEwFAYIKoZIhvcNAwcECFOxZFYNPy9XBBDPdO74xdYjUCyMr9Kv6Y44","guid":"{aa8d995c-9163-4415-a5ee-4807a5bacd22}","encType":1,"timeCreated":1734061514473,"timeLastUsed":1734061514473,"timePasswordChanged":1734061514473,"timesUsed":1,"syncCounter":1,"everSynced":false,"encryptedUnknownFields":"MDIEEPgAAAAAAAAAAAAAAAAAAAEwFAYIKoZIhvcNAwcECIHW8idHcdq+BAgY/8MccgVeJw=="},{"id":28,"hostname":"https://studiolab.sagemaker.aws","httpRealm":null,"formSubmitURL":"https://studiolab.sagemaker.aws","usernameField":"username","passwordField":"password","encryptedUsername":"MEIEEPgAAAAAAAAAAAAAAAAAAAEwFAYIKoZIhvcNAwcECI0uFAzLrSDaBBgCI0EhASSULQ0NYNnh7TgywMQJ88MI9Ag=","encryptedPassword":"MDoEEPgAAAAAAAAAAAAAAAAAAAEwFAYIKoZIhvcNAwcECI+9FYEaOXMmBBA5eDGNUj6GuU/kz7nM1LML","guid":"{e9930e65-c7c1-41c4-9efe-0c1ddc473f0d}","encType":1,"timeCreated":1734061828567,"timeLastUsed":1734061828567,"timePasswordChanged":1734061828567,"timesUsed":1,"syncCounter":1,"everSynced":false,"encryptedUnknownFields":"MDIEEPgAAAAAAAAAAAAAAAAAAAEwFAYIKoZIhvcNAwcECK0ilqux4/AABAi3+VMX6Z/YKw=="}],"potentiallyVulnerablePasswords":[],"dismissedBreachAlertsByLoginGUID":{},"version":3}