{"nextId":132,"logins":[{"id":100,"hostname":"https://studiolab.sagemaker.aws","httpRealm":null,"formSubmitURL":"https://studiolab.sagemaker.aws","usernameField":"username","passwordField":"password","encryptedUsername":"MFIEEPgAAAAAAAAAAAAAAAAAAAEwFAYIKoZIhvcNAwcECN5UlGTl4AX6BCh/X9EcIU+weZY3RZGMG0GQzRYqZM1QPb3Onu5vp2MVGJjbX3LFtEQ6","encryptedPassword":"MDoEEPgAAAAAAAAAAAAAAAAAAAEwFAYIKoZIhvcNAwcECJ1CKiHEppXSBBAksFNhifzefVdLtasiBVJy","guid":"{b4c424d5-f6a5-4358-a7b1-75e16bc7bdc8}","encType":1,"timeCreated":1734333613439,"timeLastUsed":1734333613439,"timePasswordChanged":1734333613439,"timesUsed":1,"syncCounter":1,"everSynced":false,"encryptedUnknownFields":"MDIEEPgAAAAAAAAAAAAAAAAAAAEwFAYIKoZIhvcNAwcECNBleEWSi+DqBAhenH2Co+Z1bw=="},{"id":101,"hostname":"https://studiolab.sagemaker.aws","httpRealm":null,"formSubmitURL":"https://studiolab.sagemaker.aws","usernameField":"username","passwordField":"password","encryptedUsername":"MEoEEPgAAAAAAAAAAAAAAAAAAAEwFAYIKoZIhvcNAwcECHWYJz5OE2YfBCDFDANlpkZqj/8eDI+cGQq230TGo8O1xQ80XeeI8RxKlQ==","encryptedPassword":"MDoEEPgAAAAAAAAAAAAAAAAAAAEwFAYIKoZIhvcNAwcECOrC4O06LFsSBBBYCOTT3bpIFIkrsPc2Z3kC","guid":"{7a9b737a-cd45-4641-9d39-c614cd3c57cd}","encType":1,"timeCreated":1734334176780,"timeLastUsed":1734334176780,"timePasswordChanged":1734334176780,"timesUsed":1,"syncCounter":1,"everSynced":false,"encryptedUnknownFields":"MDIEEPgAAAAAAAAAAAAAAAAAAAEwFAYIKoZIhvcNAwcECL39OSBdgQl9BAipz+HjaW6RAQ=="},{"id":102,"hostname":"https://studiolab.sagemaker.aws","httpRealm":null,"formSubmitURL":"https://studiolab.sagemaker.aws","usernameField":"username","passwordField":"password","encryptedUsername":"MEoEEPgAAAAAAAAAAAAAAAAAAAEwFAYIKoZIhvcNAwcECBaOfdJ93zpvBCA1GHAlUwq2ngAABAUeRxOCebQzkqS+NJeB6Hrpu1mtCA==","encryptedPassword":"MDoEEPgAAAAAAAAAAAAAAAAAAAEwFAYIKoZIhvcNAwcECCFRNNwkHllwBBCYsNObgB2XN+/nc9TU4WUr","guid":"{711d1b5a-788d-4617-9884-25d5d5bd5bc3}","encType":1,"timeCreated":1734334209826,"timeLastUsed":1734334268892,"timePasswordChanged":1734334209826,"timesUsed":2,"syncCounter":1,"everSynced":false,"encryptedUnknownFields":null},{"id":103,"hostname":"https://studiolab.sagemaker.aws","httpRealm":null,"formSubmitURL":"https://studiolab.sagemaker.aws","usernameField":"username","passwordField":"password","encryptedUsername":"MFIEEPgAAAAAAAAAAAAAAAAAAAEwFAYIKoZIhvcNAwcECLWBIZDIaIfLBCgD/mr8dAS9GYCWh3+SdfCDuurwDDU9fOTWQVXdx8jZ0ZawpXrC0/DA","encryptedPassword":"MDoEEPgAAAAAAAAAAAAAAAAAAAEwFAYIKoZIhvcNAwcECG04zdz7pvZ+BBD422iGL+t3sz5b8mXFgHR4","guid":"{8f14bc35-c08e-4330-901f-a982e7ba590a}","encType":1,"timeCreated":1734334365285,"timeLastUsed":1734334365285,"timePasswordChanged":1734334365285,"timesUsed":1,"syncCounter":1,"everSynced":false,"encryptedUnknownFields":"MDIEEPgAAAAAAAAAAAAAAAAAAAEwFAYIKoZIhvcNAwcECKB2gcIcY8ihBAhpap5jGg5RkQ=="},{"id":104,"hostname":"https://studiolab.sagemaker.aws","httpRealm":null,"formSubmitURL":"https://studiolab.sagemaker.aws","usernameField":"username","passwordField":"password","encryptedUsername":"MEoEEPgAAAAAAAAAAAAAAAAAAAEwFAYIKoZIhvcNAwcECP0nZKI+otWeBCBFyWczZaD/He2TOaAwpHrY55YxpOmy/P8LGNyoTQHf2Q==","encryptedPassword":"MDoEEPgAAAAAAAAAAAAAAAAAAAEwFAYIKoZIhvcNAwcECKmfGhX5dV29BBBfDc0x9klI3x52DmBGFxrk","guid":"{5babcaa0-1b54-477f-93f2-920a93f52dc8}","encType":1,"timeCreated":1734334428327,"timeLastUsed":1734334468570,"timePasswordChanged":1734334428327,"timesUsed":2,"syncCounter":1,"everSynced":false,"encryptedUnknownFields":null},{"id":106,"hostname":"https://studiolab.sagemaker.aws","httpRealm":null,"formSubmitURL":"https://studiolab.sagemaker.aws","usernameField":"username","passwordField":"password","encryptedUsername":"MFIEEPgAAAAAAAAAAAAAAAAAAAEwFAYIKoZIhvcNAwcECKLmLZbNOY45BCj3ryJtjT5rbivJm92Ju+Pl5RLI0IcGya+1Rj15xG7tWygOJEb/kSKX","encryptedPassword":"MDoEEPgAAAAAAAAAAAAAAAAAAAEwFAYIKoZIhvcNAwcECCZzgPNuGQJ4BBB22BrwwPPA3bWS6kZ07a5a","guid":"{d1689f79-89bb-47d9-87a2-b7ebe9097719}","encType":1,"timeCreated":1734334562926,"timeLastUsed":1734334562926,"timePasswordChanged":1734334562926,"timesUsed":1,"syncCounter":1,"everSynced":false,"encryptedUnknownFields":"MDIEEPgAAAAAAAAAAAAAAAAAAAEwFAYIKoZIhvcNAwcECBY8IZS4sBf8BAgx39X3H+koNA=="},{"id":108,"hostname":"https://studiolab.sagemaker.aws","httpRealm":null,"formSubmitURL":"https://studiolab.sagemaker.aws","usernameField":"username","passwordField":"password","encryptedUsername":"MFIEEPgAAAAAAAAAAAAAAAAAAAEwFAYIKoZIhvcNAwcECAWo4eYr10k0BChxDfobJquxjhH7mQTslHuGscugpRnwuCxUki+Pwfe14tQ8myL6rV2J","encryptedPassword":"MDoEEPgAAAAAAAAAAAAAAAAAAAEwFAYIKoZIhvcNAwcECP/gyei+zfrcBBDB6mGlLTdK+GazNSPS4pVg","guid":"{d78296db-9c21-4032-a1d7-6f9a1b6c5fc0}","encType":1,"timeCreated":1734334695848,"timeLastUsed":1734334695848,"timePasswordChanged":1734334695848,"timesUsed":1,"syncCounter":1,"everSynced":false,"encryptedUnknownFields":"MDIEEPgAAAAAAAAAAAAAAAAAAAEwFAYIKoZIhvcNAwcECD+4jABEAbgbBAgY2Bbk7ATBHg=="},{"id":109,"hostname":"https://studiolab.sagemaker.aws","httpRealm":null,"formSubmitURL":"https://studiolab.sagemaker.aws","usernameField":"username","passwordField":"password","encryptedUsername":"MEoEEPgAAAAAAAAAAAAAAAAAAAEwFAYIKoZIhvcNAwcECGlkAkl0ANhIBCA1gYJXRvnV3AcvvLcKodaj0CL43PdKI8For1epzA2b7Q==","encryptedPassword":"MDoEEPgAAAAAAAAAAAAAAAAAAAEwFAYIKoZIhvcNAwcECHT7ttFK+LgnBBAs+4+wF6pmsxIFFMOQm8Uv","guid":"{26032961-f72e-444e-a0b7-96eccd93ce62}","encType":1,"timeCreated":1734334765847,"timeLastUsed":1734334765847,"timePasswordChanged":1734334765847,"timesUsed":1,"syncCounter":1,"everSynced":false,"encryptedUnknownFields":"MDIEEPgAAAAAAAAAAAAAAAAAAAEwFAYIKoZIhvcNAwcECJ2Ebm7/vDRdBAgHZWQRi0EvPQ=="},{"id":110,"hostname":"https://studiolab.sagemaker.aws","httpRealm":null,"formSubmitURL":"https://studiolab.sagemaker.aws","usernameField":"username","passwordField":"password","encryptedUsername":"MEoEEPgAAAAAAAAAAAAAAAAAAAEwFAYIKoZIhvcNAwcECEBprMFO0R2HBCBVKL9S4n9AWLzRtd17yV4RHBDpIjHdf4fTanCGKHuLrQ==","encryptedPassword":"MDoEEPgAAAAAAAAAAAAAAAAAAAEwFAYIKoZIhvcNAwcECI40bnT4sOz+BBA1TEP1DTUrc8Q/602A1c/Y","guid":"{9ea6e84a-082d-4b9c-94a4-99c7fed9dd9c}","encType":1,"timeCreated":1734334928219,"timeLastUsed":1734334928219,"timePasswordChanged":1734334928219,"timesUsed":1,"syncCounter":1,"everSynced":false,"encryptedUnknownFields":"MDIEEPgAAAAAAAAAAAAAAAAAAAEwFAYIKoZIhvcNAwcECCdJDXHATMtmBAh0ZqozuVFnng=="},{"id":111,"hostname":"https://studiolab.sagemaker.aws","httpRealm":null,"formSubmitURL":"https://studiolab.sagemaker.aws","usernameField":"username","passwordField":"password","encryptedUsername":"MFIEEPgAAAAAAAAAAAAAAAAAAAEwFAYIKoZIhvcNAwcECDaUoDPAhoDRBCjOWfr0J9aksFLwey9rSYUQWYacPfyCPPZj+rb+5+ciVQXsRE2r2MxT","encryptedPassword":"MDoEEPgAAAAAAAAAAAAAAAAAAAEwFAYIKoZIhvcNAwcECFdj5yptTZsMBBCTPbGBAWKdLY4Cs8gXa0nc","guid":"{4dee6082-832e-4339-8510-10a554720794}","encType":1,"timeCreated":1734334966643,"timeLastUsed":1734334966643,"timePasswordChanged":1734334966643,"timesUsed":1,"syncCounter":1,"everSynced":false,"encryptedUnknownFields":"MDIEEPgAAAAAAAAAAAAAAAAAAAEwFAYIKoZIhvcNAwcECNwHt8YDEcioBAi+D5Qe5DMXKg=="},{"id":113,"hostname":"https://studiolab.sagemaker.aws","httpRealm":null,"formSubmitURL":"https://studiolab.sagemaker.aws","usernameField":"username","passwordField":"password","encryptedUsername":"MEoEEPgAAAAAAAAAAAAAAAAAAAEwFAYIKoZIhvcNAwcECALQ6FJ8Eyh6BCA3Y+ToDm1oTjCXsHXhTOUku1zk/tLlA44EkfW3woQqMg==","encryptedPassword":"MDoEEPgAAAAAAAAAAAAAAAAAAAEwFAYIKoZIhvcNAwcECBm1SJPeCtQYBBBnAE9mEkhRbx0xRtwtiHlK","guid":"{cd0b47d4-52ac-43b4-b40f-17f425363798}","encType":1,"timeCreated":1734335082905,"timeLastUsed":1734335082905,"timePasswordChanged":1734335082905,"timesUsed":1,"syncCounter":1,"everSynced":false,"encryptedUnknownFields":"MDIEEPgAAAAAAAAAAAAAAAAAAAEwFAYIKoZIhvcNAwcECMG+3qdZAwEwBAi9N2pQDiuwSg=="},{"id":114,"hostname":"https://studiolab.sagemaker.aws","httpRealm":null,"formSubmitURL":"https://studiolab.sagemaker.aws","usernameField":"username","passwordField":"password","encryptedUsername":"MFIEEPgAAAAAAAAAAAAAAAAAAAEwFAYIKoZIhvcNAwcECBXX1BqYySU8BCixB+rrYKWLl4h0QQCMBRn6uc9Pcgfmb/td5oSIQLmf3PxqgTPUMdQX","encryptedPassword":"MDoEEPgAAAAAAAAAAAAAAAAAAAEwFAYIKoZIhvcNAwcECD4D0t80FcBIBBBAI4yHBZ/VAF8xK41O3lh0","guid":"{6be2848c-c8bb-4534-b987-9f9dfcca0be2}","encType":1,"timeCreated":1734335134115,"timeLastUsed":1734335134115,"timePasswordChanged":1734335134115,"timesUsed":1,"syncCounter":1,"everSynced":false,"encryptedUnknownFields":"MDIEEPgAAAAAAAAAAAAAAAAAAAEwFAYIKoZIhvcNAwcECBMJDKKWlkvvBAjaLPut4VmJLw=="},{"id":115,"hostname":"https://studiolab.sagemaker.aws","httpRealm":null,"formSubmitURL":"https://studiolab.sagemaker.aws","usernameField":"username","passwordField":"password","encryptedUsername":"MFIEEPgAAAAAAAAAAAAAAAAAAAEwFAYIKoZIhvcNAwcECKvn14Q8HSFXBChseOb+PEYTT1TxbSVx0GCsyPRH/LVIAO7SjEkPF92d8WMgFeXkZdLW","encryptedPassword":"MDoEEPgAAAAAAAAAAAAAAAAAAAEwFAYIKoZIhvcNAwcECKdX2MvtPS13BBDUljF51SUe+2XRd4PG8LgV","guid":"{8f8d00fc-d5f9-42df-b023-137dd62d95b3}","encType":1,"timeCreated":1734335200286,"timeLastUsed":1734335200286,"timePasswordChanged":1734335200286,"timesUsed":1,"syncCounter":1,"everSynced":false,"encryptedUnknownFields":"MDIEEPgAAAAAAAAAAAAAAAAAAAEwFAYIKoZIhvcNAwcECBeLZus54rHSBAi+HsPTacxEqA=="},{"id":116,"hostname":"https://studiolab.sagemaker.aws","httpRealm":null,"formSubmitURL":"https://studiolab.sagemaker.aws","usernameField":"username","passwordField":"password","encryptedUsername":"MFIEEPgAAAAAAAAAAAAAAAAAAAEwFAYIKoZIhvcNAwcECNiqX6bs96GGBCikuuqslsana5PHMB2O4efW6pBOe7SY2dx9RPby+klUP3Qyg9MCs5O9","encryptedPassword":"MDoEEPgAAAAAAAAAAAAAAAAAAAEwFAYIKoZIhvcNAwcECNV738W/Y2u1BBBv855zP/Zg1OilXDTgGLeb","guid":"{27723213-0a89-4368-a700-2b22d9593b56}","encType":1,"timeCreated":1734335245393,"timeLastUsed":1734335245393,"timePasswordChanged":1734335245393,"timesUsed":1,"syncCounter":1,"everSynced":false,"encryptedUnknownFields":"MDIEEPgAAAAAAAAAAAAAAAAAAAEwFAYIKoZIhvcNAwcECEzP5OeeGuyfBAj75j3j08aZbg=="},{"id":117,"hostname":"https://studiolab.sagemaker.aws","httpRealm":null,"formSubmitURL":"https://studiolab.sagemaker.aws","usernameField":"username","passwordField":"password","encryptedUsername":"MFIEEPgAAAAAAAAAAAAAAAAAAAEwFAYIKoZIhvcNAwcECIhkQZ3wqht5BCgny+3Dbskoh9EqxkllGDf5GqSU96eKu3OjxPxo7Xqu3oP9ARUZgMPO","encryptedPassword":"MDoEEPgAAAAAAAAAAAAAAAAAAAEwFAYIKoZIhvcNAwcECDr9ckbfpSucBBCoAwq8yZbXFdE/qDMHA2E0","guid":"{df9b6b72-f1bc-4d2c-8701-d01ca1b0a486}","encType":1,"timeCreated":1734335278428,"timeLastUsed":1734335278428,"timePasswordChanged":1734335278428,"timesUsed":1,"syncCounter":1,"everSynced":false,"encryptedUnknownFields":"MDIEEPgAAAAAAAAAAAAAAAAAAAEwFAYIKoZIhvcNAwcECGPLPm9K5AcvBAgd11Uq3BaMjQ=="},{"id":118,"hostname":"https://studiolab.sagemaker.aws","httpRealm":null,"formSubmitURL":"https://studiolab.sagemaker.aws","usernameField":"username","passwordField":"password","encryptedUsername":"MFIEEPgAAAAAAAAAAAAAAAAAAAEwFAYIKoZIhvcNAwcECLkBQgrDwmyEBCjafug7ulP0/VlA2KjbOs87VBu6Tpgb0wuAXl15uACXAga82dT8ubmK","encryptedPassword":"MDoEEPgAAAAAAAAAAAAAAAAAAAEwFAYIKoZIhvcNAwcECGHeZPppmVU3BBDQJFvr+Tn2QoF8MYkON3UO","guid":"{9ce8f786-0f4c-4394-b58d-3fcf2326f829}","encType":1,"timeCreated":1734335410164,"timeLastUsed":1734335410164,"timePasswordChanged":1734335410164,"timesUsed":1,"syncCounter":1,"everSynced":false,"encryptedUnknownFields":"MDIEEPgAAAAAAAAAAAAAAAAAAAEwFAYIKoZIhvcNAwcECFHGX0w/qJ0xBAhgCkKLhSTs4g=="},{"id":120,"hostname":"https://studiolab.sagemaker.aws","httpRealm":null,"formSubmitURL":"https://studiolab.sagemaker.aws","usernameField":"username","passwordField":"password","encryptedUsername":"MFIEEPgAAAAAAAAAAAAAAAAAAAEwFAYIKoZIhvcNAwcECCENaK2ib5wgBChxM0tdQtROkEjMF2tr7tdBUlwDQFpbO6l/c4gx83tzvqXEy+C/NYuB","encryptedPassword":"MDoEEPgAAAAAAAAAAAAAAAAAAAEwFAYIKoZIhvcNAwcECI7ywL01FlCRBBAYJDSmbTAt4BdqHLxJLIc6","guid":"{ecab447d-983d-4b22-ba49-50d4d227e62a}","encType":1,"timeCreated":1734335557086,"timeLastUsed":1734335557086,"timePasswordChanged":1734335557086,"timesUsed":1,"syncCounter":1,"everSynced":false,"encryptedUnknownFields":"MDIEEPgAAAAAAAAAAAAAAAAAAAEwFAYIKoZIhvcNAwcECNViBEWB4W8PBAjrNETR1Y+zkQ=="},{"id":121,"hostname":"https://studiolab.sagemaker.aws","httpRealm":null,"formSubmitURL":"https://studiolab.sagemaker.aws","usernameField":"username","passwordField":"password","encryptedUsername":"MEoEEPgAAAAAAAAAAAAAAAAAAAEwFAYIKoZIhvcNAwcECCbqzxJRscH1BCAv5TRlwrBi0cQZBOw4yla5t9E05CAsgAosaq+j3YGOjA==","encryptedPassword":"MDoEEPgAAAAAAAAAAAAAAAAAAAEwFAYIKoZIhvcNAwcECKsfUVfImMs7BBDQ/gWGnS4TUgUifTIOTXaR","guid":"{73873ab3-8051-47e4-add0-94ddf2d24511}","encType":1,"timeCreated":1734335597556,"timeLastUsed":1734335597556,"timePasswordChanged":1734335597556,"timesUsed":1,"syncCounter":1,"everSynced":false,"encryptedUnknownFields":"MDIEEPgAAAAAAAAAAAAAAAAAAAEwFAYIKoZIhvcNAwcECNeG4GZLf0LhBAiHYyp9dzTSlw=="},{"id":123,"hostname":"https://studiolab.sagemaker.aws","httpRealm":null,"formSubmitURL":"https://studiolab.sagemaker.aws","usernameField":"username","passwordField":"password","encryptedUsername":"MEoEEPgAAAAAAAAAAAAAAAAAAAEwFAYIKoZIhvcNAwcECOJDKST+la0fBCB5CQBO0bytd3nFqQou6DdHDxbw4x98AkMtoAchuvwIIg==","encryptedPassword":"MDoEEPgAAAAAAAAAAAAAAAAAAAEwFAYIKoZIhvcNAwcECMsKT+AJr/DyBBAVCMTXYLQ9d8GLKpmqDyGh","guid":"{9fef7892-d9b2-4ae6-b524-6b528e4f8da9}","encType":1,"timeCreated":1734336174741,"timeLastUsed":1734336174741,"timePasswordChanged":1734336174741,"timesUsed":1,"syncCounter":1,"everSynced":false,"encryptedUnknownFields":"MDIEEPgAAAAAAAAAAAAAAAAAAAEwFAYIKoZIhvcNAwcECDolMzn2SFP/BAjstOa1nE5Evw=="},{"id":125,"hostname":"https://studiolab.sagemaker.aws","httpRealm":null,"formSubmitURL":"https://studiolab.sagemaker.aws","usernameField":"username","passwordField":"password","encryptedUsername":"MFIEEPgAAAAAAAAAAAAAAAAAAAEwFAYIKoZIhvcNAwcECKUqe8xWdiRGBCiyRUq4nBON4vT6ux1NdCz15+E3pGbG12Sv7lhivhoo/RpTzKY/qGCf","encryptedPassword":"MDoEEPgAAAAAAAAAAAAAAAAAAAEwFAYIKoZIhvcNAwcECKSI1JjqspDrBBCcx3cxWzCuRH8anF3pqRpI","guid":"{8872b773-c10e-40a6-b494-27750ea7e39b}","encType":1,"timeCreated":1734336260306,"timeLastUsed":1734336260306,"timePasswordChanged":1734336260306,"timesUsed":1,"syncCounter":1,"everSynced":false,"encryptedUnknownFields":"MDIEEPgAAAAAAAAAAAAAAAAAAAEwFAYIKoZIhvcNAwcECN5L9jpx0Ge3BAhv6lgTJUZibA=="},{"id":126,"hostname":"https://studiolab.sagemaker.aws","httpRealm":null,"formSubmitURL":"https://studiolab.sagemaker.aws","usernameField":"username","passwordField":"password","encryptedUsername":"MFIEEPgAAAAAAAAAAAAAAAAAAAEwFAYIKoZIhvcNAwcECH6G3P0EXNRqBChkotHNd3D30J1Ufq6rqYwjSqEOHT2lVig6+4dBkczQm/Uh0t009H1L","encryptedPassword":"MDoEEPgAAAAAAAAAAAAAAAAAAAEwFAYIKoZIhvcNAwcECNmAUv5XPWMLBBDWTuItpAySBszwfMD8WrtF","guid":"{146930ff-0004-4192-98a9-4cc82c378bfb}","encType":1,"timeCreated":1734336296640,"timeLastUsed":1734336296640,"timePasswordChanged":1734336296640,"timesUsed":1,"syncCounter":1,"everSynced":false,"encryptedUnknownFields":"MDIEEPgAAAAAAAAAAAAAAAAAAAEwFAYIKoZIhvcNAwcECJHv0Z4DmKIOBAhadQs7pPySKQ=="},{"id":127,"hostname":"https://studiolab.sagemaker.aws","httpRealm":null,"formSubmitURL":"https://studiolab.sagemaker.aws","usernameField":"username","passwordField":"password","encryptedUsername":"MFIEEPgAAAAAAAAAAAAAAAAAAAEwFAYIKoZIhvcNAwcECPmCdQ1UaO+bBCiU7rXO00IpPxy07CMA3CUHcT8igswy3KuJdjiD28jyD/O8nSQzte4A","encryptedPassword":"MDoEEPgAAAAAAAAAAAAAAAAAAAEwFAYIKoZIhvcNAwcECB6nPiWuEQv/BBCzWQxP1VBWzG+ZRbPmiL5L","guid":"{8963edb1-9bb8-4a3f-b8cb-06dfd7517b2e}","encType":1,"timeCreated":1734336334987,"timeLastUsed":1734336334987,"timePasswordChanged":1734336334987,"timesUsed":1,"syncCounter":1,"everSynced":false,"encryptedUnknownFields":"MDIEEPgAAAAAAAAAAAAAAAAAAAEwFAYIKoZIhvcNAwcECP7oZas2mupqBAjYasdN4bLE9g=="},{"id":128,"hostname":"https://studiolab.sagemaker.aws","httpRealm":null,"formSubmitURL":"https://studiolab.sagemaker.aws","usernameField":"username","passwordField":"password","encryptedUsername":"MFIEEPgAAAAAAAAAAAAAAAAAAAEwFAYIKoZIhvcNAwcECIOY5wxuaK3TBCiOhWD6F5IHDtHiD5VXvx/e6RRx1Cja03u3IjK3u4wyyqMZ35vGOBbN","encryptedPassword":"MDoEEPgAAAAAAAAAAAAAAAAAAAEwFAYIKoZIhvcNAwcECF4WTjrYtbO5BBDdrDZy94yG1WTF9qjP47Po","guid":"{e2de24ea-3243-4469-b78d-b39f9b6bcacc}","encType":1,"timeCreated":1734337055996,"timeLastUsed":1734337055996,"timePasswordChanged":1734337055996,"timesUsed":1,"syncCounter":1,"everSynced":false,"encryptedUnknownFields":"MDIEEPgAAAAAAAAAAAAAAAAAAAEwFAYIKoZIhvcNAwcECEnKu91XzTHOBAhDDR0KLJIv5A=="},{"id":129,"hostname":"https://studiolab.sagemaker.aws","httpRealm":null,"formSubmitURL":"https://studiolab.sagemaker.aws","usernameField":"username","passwordField":"password","encryptedUsername":"MFIEEPgAAAAAAAAAAAAAAAAAAAEwFAYIKoZIhvcNAwcECIbGN+lH30mXBCh7O68Rmom+depwwK5OKgLvg4tSDiPdjOkZUiXU2HYJ91WIs0SuOWGQ","encryptedPassword":"MDoEEPgAAAAAAAAAAAAAAAAAAAEwFAYIKoZIhvcNAwcECN4YZ7+z5sdABBCHD+BCP6x9371Fkkpr4Vc4","guid":"{6cf57a2b-4142-4bff-9dfb-b3c3079952a2}","encType":1,"timeCreated":1734338203620,"timeLastUsed":1734338203620,"timePasswordChanged":1734338203620,"timesUsed":1,"syncCounter":1,"everSynced":false,"encryptedUnknownFields":"MDIEEPgAAAAAAAAAAAAAAAAAAAEwFAYIKoZIhvcNAwcECBeMisc8890lBAhd+ko8viLoMA=="},{"id":130,"hostname":"https://studiolab.sagemaker.aws","httpRealm":null,"formSubmitURL":"https://studiolab.sagemaker.aws","usernameField":"username","passwordField":"password","encryptedUsername":"MFIEEPgAAAAAAAAAAAAAAAAAAAEwFAYIKoZIhvcNAwcECDdMdTDPGSLHBChkdbpQLUcNNn9nzXTKVxvZu7p50Ts/zvjCSUe/W0GJd7B1czratsps","encryptedPassword":"MDoEEPgAAAAAAAAAAAAAAAAAAAEwFAYIKoZIhvcNAwcECLlkcE0b56MKBBCpi3TUbPNJ51KTKqhBBSM1","guid":"{c6e41c16-0368-4a09-916f-fd86c9b19078}","encType":1,"timeCreated":1734338269263,"timeLastUsed":1734338269263,"timePasswordChanged":1734338269263,"timesUsed":1,"syncCounter":1,"everSynced":false,"encryptedUnknownFields":"MDIEEPgAAAAAAAAAAAAAAAAAAAEwFAYIKoZIhvcNAwcECBeGVPtcqcNPBAhcyupZp96Q1w=="},{"id":131,"hostname":"https://studiolab.sagemaker.aws","httpRealm":null,"formSubmitURL":"https://studiolab.sagemaker.aws","usernameField":"username","passwordField":"password","encryptedUsername":"MFIEEPgAAAAAAAAAAAAAAAAAAAEwFAYIKoZIhvcNAwcECOiPz+glNtHlBCj9X1Ro4YCl0GqMp6nLSmuB7F7NUvuHS6HD2lU7NUZbq3HUYp9/wAtr","encryptedPassword":"MDoEEPgAAAAAAAAAAAAAAAAAAAEwFAYIKoZIhvcNAwcECAt8gTdLEI5QBBBx0EQX7QZOT0nRfqBNoj5n","guid":"{61259cb1-7433-4fc8-9ece-927d77add6dc}","encType":1,"timeCreated":1734359251730,"timeLastUsed":1734359251730,"timePasswordChanged":1734359251730,"timesUsed":1,"syncCounter":1,"everSynced":false,"encryptedUnknownFields":"MDIEEPgAAAAAAAAAAAAAAAAAAAEwFAYIKoZIhvcNAwcECFtKy+5M+/toBAiCZxap95arpA=="}],"potentiallyVulnerablePasswords":[],"dismissedBreachAlertsByLoginGUID":{},"version":3}