{"nextId":65,"logins":[{"id":33,"hostname":"https://studiolab.sagemaker.aws","httpRealm":null,"formSubmitURL":"https://studiolab.sagemaker.aws","usernameField":"username","passwordField":"password","encryptedUsername":"MEoEEPgAAAAAAAAAAAAAAAAAAAEwFAYIKoZIhvcNAwcECHOyiYfwPGBQBCCxmKB18nC4pZ/oar1aChfUsd5tem3TktwwYqd9o5J/Qw==","encryptedPassword":"MDoEEPgAAAAAAAAAAAAAAAAAAAEwFAYIKoZIhvcNAwcECHyrb7pty2+hBBC0TY/vUfx/AMDxzcbiwqKK","guid":"{6cf3b646-33ba-4806-8c03-ed1faefe736e}","encType":1,"timeCreated":1734179235332,"timeLastUsed":1734179235332,"timePasswordChanged":1734179235332,"timesUsed":1,"syncCounter":1,"everSynced":false,"encryptedUnknownFields":"MDIEEPgAAAAAAAAAAAAAAAAAAAEwFAYIKoZIhvcNAwcECJRDCswAU1UQBAin8zlNQnrfug=="},{"id":34,"hostname":"https://studiolab.sagemaker.aws","httpRealm":null,"formSubmitURL":"https://studiolab.sagemaker.aws","usernameField":"username","passwordField":"password","encryptedUsername":"MEoEEPgAAAAAAAAAAAAAAAAAAAEwFAYIKoZIhvcNAwcECFspQ51+Ay/nBCCn1yxSgX2mCAOG+O5pViuRcCdeES0yagOwRYIdFmVP7g==","encryptedPassword":"MDoEEPgAAAAAAAAAAAAAAAAAAAEwFAYIKoZIhvcNAwcECK6tSM1G+59qBBBw5ieuA2lf3KT9qP1cRQ6t","guid":"{c701403a-b0a5-4a12-ace5-e1fbda17cbe1}","encType":1,"timeCreated":1734180107981,"timeLastUsed":1734180107981,"timePasswordChanged":1734180107981,"timesUsed":1,"syncCounter":1,"everSynced":false,"encryptedUnknownFields":"MDIEEPgAAAAAAAAAAAAAAAAAAAEwFAYIKoZIhvcNAwcECPAiL2L1+BFVBAhlfDv5AekbKw=="},{"id":35,"hostname":"https://studiolab.sagemaker.aws","httpRealm":null,"formSubmitURL":"https://studiolab.sagemaker.aws","usernameField":"username","passwordField":"password","encryptedUsername":"MEoEEPgAAAAAAAAAAAAAAAAAAAEwFAYIKoZIhvcNAwcECPj7D1dESTDABCDe5j3BUXFtl81PDWc1obe90OUOeU0OPyW9XFvIy2nG+g==","encryptedPassword":"MDoEEPgAAAAAAAAAAAAAAAAAAAEwFAYIKoZIhvcNAwcECILfEYU849ijBBAj38Xwm3nVrJ4XqwZUtblI","guid":"{a894149d-8beb-4734-819e-0aff69490a9f}","encType":1,"timeCreated":1734180136699,"timeLastUsed":1734180136699,"timePasswordChanged":1734180136699,"timesUsed":1,"syncCounter":1,"everSynced":false,"encryptedUnknownFields":"MDIEEPgAAAAAAAAAAAAAAAAAAAEwFAYIKoZIhvcNAwcECNQ8wbnHikstBAgkxZmPRIPZTg=="},{"id":36,"hostname":"https://studiolab.sagemaker.aws","httpRealm":null,"formSubmitURL":"https://studiolab.sagemaker.aws","usernameField":"username","passwordField":"password","encryptedUsername":"MEoEEPgAAAAAAAAAAAAAAAAAAAEwFAYIKoZIhvcNAwcECANNfdPSjVHkBCD4hm1RIrAtmlzMU9i/cLYpnAupVln3/nwgEb1rtetzaA==","encryptedPassword":"MDoEEPgAAAAAAAAAAAAAAAAAAAEwFAYIKoZIhvcNAwcECBbJdH7nXb/YBBADHXmaf3SqkHkAP4uxVpBp","guid":"{d01633b5-d480-4ddf-8e1c-69d22c35968b}","encType":1,"timeCreated":1734180171344,"timeLastUsed":1734180171344,"timePasswordChanged":1734180171344,"timesUsed":1,"syncCounter":1,"everSynced":false,"encryptedUnknownFields":"MDIEEPgAAAAAAAAAAAAAAAAAAAEwFAYIKoZIhvcNAwcECBs5Jil36YGYBAi0nLCWMZ+wkQ=="},{"id":37,"hostname":"https://studiolab.sagemaker.aws","httpRealm":null,"formSubmitURL":"https://studiolab.sagemaker.aws","usernameField":"username","passwordField":"password","encryptedUsername":"MEoEEPgAAAAAAAAAAAAAAAAAAAEwFAYIKoZIhvcNAwcECPGXN1/uGaw4BCCfb7F7n9E7rrb1DGZBA01TQHMVEhHuwoByEJUPuYE2Ww==","encryptedPassword":"MDoEEPgAAAAAAAAAAAAAAAAAAAEwFAYIKoZIhvcNAwcECGBP5FixtQDuBBDL4UNJTACswWZqygyetuo7","guid":"{dc5d0a80-de2b-405c-85dc-9ec0870dc5d5}","encType":1,"timeCreated":1734180211264,"timeLastUsed":1734180211264,"timePasswordChanged":1734180211264,"timesUsed":1,"syncCounter":1,"everSynced":false,"encryptedUnknownFields":"MDIEEPgAAAAAAAAAAAAAAAAAAAEwFAYIKoZIhvcNAwcECODDlP5gwyw9BAg5Yv40ugH1xQ=="},{"id":38,"hostname":"https://studiolab.sagemaker.aws","httpRealm":null,"formSubmitURL":"https://studiolab.sagemaker.aws","usernameField":"username","passwordField":"password","encryptedUsername":"MEoEEPgAAAAAAAAAAAAAAAAAAAEwFAYIKoZIhvcNAwcECHtR02cWufqnBCDyIXKTJxq7tEZepaIPVZHDEfBAnMJTB/Tj7+HWGoETeA==","encryptedPassword":"MDoEEPgAAAAAAAAAAAAAAAAAAAEwFAYIKoZIhvcNAwcECIKxbyu9oc9gBBAl+YPq/tlVKTGXFvgf1aFT","guid":"{6dde3898-4d8f-4302-93f5-fe5ed1de3158}","encType":1,"timeCreated":1734180345588,"timeLastUsed":1734180345588,"timePasswordChanged":1734180345588,"timesUsed":1,"syncCounter":1,"everSynced":false,"encryptedUnknownFields":"MDIEEPgAAAAAAAAAAAAAAAAAAAEwFAYIKoZIhvcNAwcECK/8mWhacjtuBAjLJwydhPbyZQ=="},{"id":39,"hostname":"https://studiolab.sagemaker.aws","httpRealm":null,"formSubmitURL":"https://studiolab.sagemaker.aws","usernameField":"username","passwordField":"password","encryptedUsername":"MEoEEPgAAAAAAAAAAAAAAAAAAAEwFAYIKoZIhvcNAwcECMZ/pNvoA0BuBCCYojtDa2//GtVdHpf0zOcxIokAsHlW+szh+reHs78EoA==","encryptedPassword":"MDoEEPgAAAAAAAAAAAAAAAAAAAEwFAYIKoZIhvcNAwcECAm08LShYD7wBBCSjA6ZY+mVQZrRD0GThh23","guid":"{3a22d39e-76f5-4bfa-8689-ce9668d53727}","encType":1,"timeCreated":1734180411901,"timeLastUsed":1734180411901,"timePasswordChanged":1734180411901,"timesUsed":1,"syncCounter":1,"everSynced":false,"encryptedUnknownFields":"MDIEEPgAAAAAAAAAAAAAAAAAAAEwFAYIKoZIhvcNAwcECNgKZXKyPKVcBAgC16U35CY2Hw=="},{"id":40,"hostname":"https://studiolab.sagemaker.aws","httpRealm":null,"formSubmitURL":"https://studiolab.sagemaker.aws","usernameField":"username","passwordField":"password","encryptedUsername":"MEIEEPgAAAAAAAAAAAAAAAAAAAEwFAYIKoZIhvcNAwcECF4ET0YB0FI0BBjlqo3LpBCOakIb760ihLVxCfoTTRMbtrY=","encryptedPassword":"MDoEEPgAAAAAAAAAAAAAAAAAAAEwFAYIKoZIhvcNAwcECHkroAxzptZoBBD0JsEFQoHsnAmjpEoYWY/n","guid":"{42660ebe-5243-4507-93e5-b9243f4d0602}","encType":1,"timeCreated":1734180458247,"timeLastUsed":1734180458247,"timePasswordChanged":1734180458247,"timesUsed":1,"syncCounter":1,"everSynced":false,"encryptedUnknownFields":"MDIEEPgAAAAAAAAAAAAAAAAAAAEwFAYIKoZIhvcNAwcECNYHZwSAJ4qBBAgpv2I3FiGAPQ=="},{"id":41,"hostname":"https://studiolab.sagemaker.aws","httpRealm":null,"formSubmitURL":"https://studiolab.sagemaker.aws","usernameField":"username","passwordField":"password","encryptedUsername":"MEIEEPgAAAAAAAAAAAAAAAAAAAEwFAYIKoZIhvcNAwcECKQtPphm3+CUBBjf9MrC14rShvz6FcaTapVWlrqQzcOolvM=","encryptedPassword":"MDoEEPgAAAAAAAAAAAAAAAAAAAEwFAYIKoZIhvcNAwcECBSxdSKuLjSyBBCkV2YNuGy4LIe/3u7YNuK6","guid":"{70e4b774-0532-4c70-95c5-a506aa986481}","encType":1,"timeCreated":1734180547080,"timeLastUsed":1734180547080,"timePasswordChanged":1734180547080,"timesUsed":1,"syncCounter":1,"everSynced":false,"encryptedUnknownFields":"MDIEEPgAAAAAAAAAAAAAAAAAAAEwFAYIKoZIhvcNAwcECCjM5iZY25UaBAgP1Ocfc2KHTQ=="},{"id":42,"hostname":"https://studiolab.sagemaker.aws","httpRealm":null,"formSubmitURL":"https://studiolab.sagemaker.aws","usernameField":"username","passwordField":"password","encryptedUsername":"MEoEEPgAAAAAAAAAAAAAAAAAAAEwFAYIKoZIhvcNAwcECOnuf6vekvYzBCDs+ueG08uo1r5QpQhDc2bb5+jM7kp/SvKicG02UWsvjA==","encryptedPassword":"MDoEEPgAAAAAAAAAAAAAAAAAAAEwFAYIKoZIhvcNAwcECGfl72qbT1QiBBDGW3y0p5r1rvbZ8rVcvNj/","guid":"{76d10a20-2e6a-42e0-9227-129510870c01}","encType":1,"timeCreated":1734180588573,"timeLastUsed":1734180588573,"timePasswordChanged":1734180588573,"timesUsed":1,"syncCounter":1,"everSynced":false,"encryptedUnknownFields":"MDIEEPgAAAAAAAAAAAAAAAAAAAEwFAYIKoZIhvcNAwcECJ6U4O+fkDvgBAiD4ynDdP8f6g=="},{"id":43,"hostname":"https://studiolab.sagemaker.aws","httpRealm":null,"formSubmitURL":"https://studiolab.sagemaker.aws","usernameField":"username","passwordField":"password","encryptedUsername":"MEIEEPgAAAAAAAAAAAAAAAAAAAEwFAYIKoZIhvcNAwcECNvxu5/xaIMvBBhRI8VeIjWfvtsNvXxR5oDJ87v0CXskuE4=","encryptedPassword":"MDoEEPgAAAAAAAAAAAAAAAAAAAEwFAYIKoZIhvcNAwcECKSXvERPtVdYBBAbfjfpGHHzUz9b8zrWnMKU","guid":"{63f6f396-738c-49c6-865d-a7126087e9c1}","encType":1,"timeCreated":1734180628596,"timeLastUsed":1734180628596,"timePasswordChanged":1734180628596,"timesUsed":1,"syncCounter":1,"everSynced":false,"encryptedUnknownFields":"MDIEEPgAAAAAAAAAAAAAAAAAAAEwFAYIKoZIhvcNAwcECHk0CaxQs+UHBAgQCETcOqBlig=="},{"id":44,"hostname":"https://studiolab.sagemaker.aws","httpRealm":null,"formSubmitURL":"https://studiolab.sagemaker.aws","usernameField":"username","passwordField":"password","encryptedUsername":"MEoEEPgAAAAAAAAAAAAAAAAAAAEwFAYIKoZIhvcNAwcECCEnc/8I1z84BCAzDEKEyUlH9ahTCpdvbl14k/pyLPC9uAsuXsd/uVhH+A==","encryptedPassword":"MDoEEPgAAAAAAAAAAAAAAAAAAAEwFAYIKoZIhvcNAwcECN+p9sZN+2DgBBDox/FtMfE0f6lxO+IxbB5+","guid":"{7e51f9e0-3708-43ef-93ab-cbb93976cd29}","encType":1,"timeCreated":1734180722527,"timeLastUsed":1734180722527,"timePasswordChanged":1734180722527,"timesUsed":1,"syncCounter":1,"everSynced":false,"encryptedUnknownFields":"MDIEEPgAAAAAAAAAAAAAAAAAAAEwFAYIKoZIhvcNAwcECMPvuRu6pmkOBAgmF7PCpUwZNQ=="},{"id":45,"hostname":"https://studiolab.sagemaker.aws","httpRealm":null,"formSubmitURL":"https://studiolab.sagemaker.aws","usernameField":"username","passwordField":"password","encryptedUsername":"MEoEEPgAAAAAAAAAAAAAAAAAAAEwFAYIKoZIhvcNAwcECHCjczkP0Fw6BCAIl5PopC2DfhBPHjFheJKAt02//VYJz7/lNNZVlFOuSA==","encryptedPassword":"MDoEEPgAAAAAAAAAAAAAAAAAAAEwFAYIKoZIhvcNAwcECJQ1xyHpT4tyBBB5qETYOa5m9fTlRXeasanN","guid":"{1c588399-d545-493c-9d56-931f068c3feb}","encType":1,"timeCreated":1734180752958,"timeLastUsed":1734180752958,"timePasswordChanged":1734180752958,"timesUsed":1,"syncCounter":1,"everSynced":false,"encryptedUnknownFields":"MDIEEPgAAAAAAAAAAAAAAAAAAAEwFAYIKoZIhvcNAwcECGquv1DsbsswBAj0m5JXsnehxQ=="},{"id":46,"hostname":"https://studiolab.sagemaker.aws","httpRealm":null,"formSubmitURL":"https://studiolab.sagemaker.aws","usernameField":"username","passwordField":"password","encryptedUsername":"MEoEEPgAAAAAAAAAAAAAAAAAAAEwFAYIKoZIhvcNAwcECHRlMIjzEAhABCBALokUjGKq6fB3Eb8X7CqXkf7HqwpUacVZFVjoo+WBAA==","encryptedPassword":"MDoEEPgAAAAAAAAAAAAAAAAAAAEwFAYIKoZIhvcNAwcECDFoWkAJckj6BBBIsM14ZQTXWCncaVdz8TXz","guid":"{b7cf8718-5aa2-4808-b510-62e0eb7cbac8}","encType":1,"timeCreated":1734180774964,"timeLastUsed":1734180774964,"timePasswordChanged":1734180774964,"timesUsed":1,"syncCounter":1,"everSynced":false,"encryptedUnknownFields":"MDIEEPgAAAAAAAAAAAAAAAAAAAEwFAYIKoZIhvcNAwcECOum0S0YjRDdBAjSuDExIvwIug=="},{"id":47,"hostname":"https://studiolab.sagemaker.aws","httpRealm":null,"formSubmitURL":"https://studiolab.sagemaker.aws","usernameField":"username","passwordField":"password","encryptedUsername":"MEoEEPgAAAAAAAAAAAAAAAAAAAEwFAYIKoZIhvcNAwcECGqijOGcZe7SBCBxfCnM1H3h1JGNpFN9hvMQ7OVeirCrRD2ighVMH84ixQ==","encryptedPassword":"MDoEEPgAAAAAAAAAAAAAAAAAAAEwFAYIKoZIhvcNAwcECHsIQ6Hp5NkBBBCR/G4ZaXA4DlwtmI0rOvcE","guid":"{20860260-4c2d-42f9-8ae3-b09f28e055e2}","encType":1,"timeCreated":1734180818023,"timeLastUsed":1734180818023,"timePasswordChanged":1734180818023,"timesUsed":1,"syncCounter":1,"everSynced":false,"encryptedUnknownFields":"MDIEEPgAAAAAAAAAAAAAAAAAAAEwFAYIKoZIhvcNAwcECJE9LvtscAlvBAhVcf+PvGaylA=="},{"id":48,"hostname":"https://studiolab.sagemaker.aws","httpRealm":null,"formSubmitURL":"https://studiolab.sagemaker.aws","usernameField":"username","passwordField":"password","encryptedUsername":"MEoEEPgAAAAAAAAAAAAAAAAAAAEwFAYIKoZIhvcNAwcECPakpl51Ey4TBCBlCLEY7SCWVdfHQMef29T1MHoTzjvNJp1l9tNoXHCFyg==","encryptedPassword":"MDoEEPgAAAAAAAAAAAAAAAAAAAEwFAYIKoZIhvcNAwcECFZ+aBRd27+qBBDryrKgxDeU6pem/TDTOfSE","guid":"{14adfb37-216f-4079-9e42-04afff158bb1}","encType":1,"timeCreated":1734180868514,"timeLastUsed":1734180868514,"timePasswordChanged":1734180868514,"timesUsed":1,"syncCounter":1,"everSynced":false,"encryptedUnknownFields":"MDIEEPgAAAAAAAAAAAAAAAAAAAEwFAYIKoZIhvcNAwcECAPDGQxvdbNSBAhW9u13RoKJNQ=="},{"id":49,"hostname":"https://studiolab.sagemaker.aws","httpRealm":null,"formSubmitURL":"https://studiolab.sagemaker.aws","usernameField":"username","passwordField":"password","encryptedUsername":"MEoEEPgAAAAAAAAAAAAAAAAAAAEwFAYIKoZIhvcNAwcECAW01+mb5iMdBCA/hSJ6H/YbZE+CoTexyz4wGysDzs4/Eomcw+jDfnBNIQ==","encryptedPassword":"MDoEEPgAAAAAAAAAAAAAAAAAAAEwFAYIKoZIhvcNAwcECJMCrlN4oUSjBBBrKE+I+OkxMUEjQxM+pAPp","guid":"{3f849278-6583-4791-92ab-aa942cc64d57}","encType":1,"timeCreated":1734180904119,"timeLastUsed":1734180904119,"timePasswordChanged":1734180904119,"timesUsed":1,"syncCounter":1,"everSynced":false,"encryptedUnknownFields":"MDIEEPgAAAAAAAAAAAAAAAAAAAEwFAYIKoZIhvcNAwcECCWQd4VUvJQbBAih5Ns+SpfBKA=="},{"id":50,"hostname":"https://studiolab.sagemaker.aws","httpRealm":null,"formSubmitURL":"https://studiolab.sagemaker.aws","usernameField":"username","passwordField":"password","encryptedUsername":"MEoEEPgAAAAAAAAAAAAAAAAAAAEwFAYIKoZIhvcNAwcECM48i0AQUuw6BCAzmNXUAIAiN8HNDLpNDgUwg4tnZ7szCod4PHCULhzBgg==","encryptedPassword":"MDoEEPgAAAAAAAAAAAAAAAAAAAEwFAYIKoZIhvcNAwcECPfMM5A5S6A0BBA/u8Zz7lPaNfwdQeLElus6","guid":"{6b4c432a-ed6f-4a17-93e9-a80cbb5a9eb9}","encType":1,"timeCreated":1734181085115,"timeLastUsed":1734181085115,"timePasswordChanged":1734181085115,"timesUsed":1,"syncCounter":1,"everSynced":false,"encryptedUnknownFields":"MDIEEPgAAAAAAAAAAAAAAAAAAAEwFAYIKoZIhvcNAwcECC5fU6MYaFeYBAjfOa+SMmsMrA=="},{"id":51,"hostname":"https://studiolab.sagemaker.aws","httpRealm":null,"formSubmitURL":"https://studiolab.sagemaker.aws","usernameField":"username","passwordField":"password","encryptedUsername":"MEoEEPgAAAAAAAAAAAAAAAAAAAEwFAYIKoZIhvcNAwcECA7XzM2IQ60sBCCH9Fjr0P5hENwenr4Urjoe4Pwn7vyr2vSeReTdropNBQ==","encryptedPassword":"MDoEEPgAAAAAAAAAAAAAAAAAAAEwFAYIKoZIhvcNAwcECFkUE6/wFjYFBBAI5TltFPdaWGbgx/jFKQ6T","guid":"{a45d9166-54d8-4a06-8ae5-6f841efd9658}","encType":1,"timeCreated":1734181113601,"timeLastUsed":1734181113601,"timePasswordChanged":1734181113601,"timesUsed":1,"syncCounter":1,"everSynced":false,"encryptedUnknownFields":"MDIEEPgAAAAAAAAAAAAAAAAAAAEwFAYIKoZIhvcNAwcECNz7CVMHOecbBAhrZDEMHGyiQw=="},{"id":52,"hostname":"https://studiolab.sagemaker.aws","httpRealm":null,"formSubmitURL":"https://studiolab.sagemaker.aws","usernameField":"username","passwordField":"password","encryptedUsername":"MEoEEPgAAAAAAAAAAAAAAAAAAAEwFAYIKoZIhvcNAwcECHzOzU7TVOxbBCCgvOfp0xB3NhAN0I9Oli4YBZh3/qWPd5N/ANGBHfrzow==","encryptedPassword":"MDoEEPgAAAAAAAAAAAAAAAAAAAEwFAYIKoZIhvcNAwcECKW9pH9VrdlHBBBSmby5yr4RHdG7XO7iMisc","guid":"{d6a49baf-5892-41da-bd36-9e78b4966da5}","encType":1,"timeCreated":1734181205680,"timeLastUsed":1734181205680,"timePasswordChanged":1734181205680,"timesUsed":1,"syncCounter":1,"everSynced":false,"encryptedUnknownFields":"MDIEEPgAAAAAAAAAAAAAAAAAAAEwFAYIKoZIhvcNAwcECIkx1ZR56XKmBAiHl/SXz2NqZQ=="},{"id":53,"hostname":"https://studiolab.sagemaker.aws","httpRealm":null,"formSubmitURL":"https://studiolab.sagemaker.aws","usernameField":"username","passwordField":"password","encryptedUsername":"MEoEEPgAAAAAAAAAAAAAAAAAAAEwFAYIKoZIhvcNAwcECH2A1BJIuIMPBCAOm8b+ZMbFE09tcLYOe3TtXpJ0Fa0BcaX19iJNcTwkow==","encryptedPassword":"MDoEEPgAAAAAAAAAAAAAAAAAAAEwFAYIKoZIhvcNAwcECGYqpb83fkMlBBAmuDehg7TaOiGqptV02/hf","guid":"{f8563b8c-fe09-40f1-a70a-95819e2d7b5b}","encType":1,"timeCreated":1734181256252,"timeLastUsed":1734181256252,"timePasswordChanged":1734181256252,"timesUsed":1,"syncCounter":1,"everSynced":false,"encryptedUnknownFields":"MDIEEPgAAAAAAAAAAAAAAAAAAAEwFAYIKoZIhvcNAwcECAuYWJOTbunqBAiEDy5MbfTzJQ=="},{"id":54,"hostname":"https://studiolab.sagemaker.aws","httpRealm":null,"formSubmitURL":"https://studiolab.sagemaker.aws","usernameField":"username","passwordField":"password","encryptedUsername":"MEIEEPgAAAAAAAAAAAAAAAAAAAEwFAYIKoZIhvcNAwcECHWczg6S7sV/BBjTB95J0JsMGUFQ+9pzN/Z4UTq6jNRiq3E=","encryptedPassword":"MDoEEPgAAAAAAAAAAAAAAAAAAAEwFAYIKoZIhvcNAwcECF7efL6wWR9rBBBdH/WQSC4kLcocANIil79H","guid":"{24675e8c-45be-4abc-aea4-861887943f2f}","encType":1,"timeCreated":1734181300332,"timeLastUsed":1734181300332,"timePasswordChanged":1734181300332,"timesUsed":1,"syncCounter":1,"everSynced":false,"encryptedUnknownFields":"MDIEEPgAAAAAAAAAAAAAAAAAAAEwFAYIKoZIhvcNAwcECEuatJ7n4yBPBAgu/qilGn5AOg=="},{"id":55,"hostname":"https://studiolab.sagemaker.aws","httpRealm":null,"formSubmitURL":"https://studiolab.sagemaker.aws","usernameField":"username","passwordField":"password","encryptedUsername":"MEoEEPgAAAAAAAAAAAAAAAAAAAEwFAYIKoZIhvcNAwcECAWIYj5wQZlpBCCNgE40K5qL++SXU0CO38lCbDHva3gZDSfspkyaLyyM9g==","encryptedPassword":"MDoEEPgAAAAAAAAAAAAAAAAAAAEwFAYIKoZIhvcNAwcECEJ/DsGPpPHmBBAOkVsqf7mKdsu5caBeUtnE","guid":"{841c6983-5ee8-4cc2-8d34-5e4333397f21}","encType":1,"timeCreated":1734181478036,"timeLastUsed":1734181478036,"timePasswordChanged":1734181478036,"timesUsed":1,"syncCounter":1,"everSynced":false,"encryptedUnknownFields":"MDIEEPgAAAAAAAAAAAAAAAAAAAEwFAYIKoZIhvcNAwcECNMpvjOXxepqBAjHC9Mcvq07CA=="},{"id":56,"hostname":"https://studiolab.sagemaker.aws","httpRealm":null,"formSubmitURL":"https://studiolab.sagemaker.aws","usernameField":"username","passwordField":"password","encryptedUsername":"MEoEEPgAAAAAAAAAAAAAAAAAAAEwFAYIKoZIhvcNAwcECFBwu7PRN60UBCCB6xNi2gXn074EHAmjiVX3PLzFAz9NofRLpigiIIhsQw==","encryptedPassword":"MDoEEPgAAAAAAAAAAAAAAAAAAAEwFAYIKoZIhvcNAwcECCXQtZryZQFhBBDU+a/OsCzibNPiaqosNdpL","guid":"{53b56bd3-181d-4fb0-9f3f-154030dad3f5}","encType":1,"timeCreated":1734181513669,"timeLastUsed":1734181513669,"timePasswordChanged":1734181513669,"timesUsed":1,"syncCounter":2,"everSynced":false,"encryptedUnknownFields":null},{"id":57,"hostname":"https://studiolab.sagemaker.aws","httpRealm":null,"formSubmitURL":"https://studiolab.sagemaker.aws","usernameField":"username","passwordField":"password","encryptedUsername":"MEIEEPgAAAAAAAAAAAAAAAAAAAEwFAYIKoZIhvcNAwcECKxhj1gC40V4BBgyxexNNRgHjVIQ/5Tn7ZNTZKbxmQLhAsk=","encryptedPassword":"MDoEEPgAAAAAAAAAAAAAAAAAAAEwFAYIKoZIhvcNAwcECHjpLPYPQYf+BBAHiIvCU5MnOGWxGSifj8/2","guid":"{484b1c8e-c1a8-4255-85e3-609139bc7272}","encType":1,"timeCreated":1734181602854,"timeLastUsed":1734181602854,"timePasswordChanged":1734181602854,"timesUsed":1,"syncCounter":1,"everSynced":false,"encryptedUnknownFields":"MDIEEPgAAAAAAAAAAAAAAAAAAAEwFAYIKoZIhvcNAwcECCQwtjkcpKIdBAivySiPIzOO1w=="},{"id":58,"hostname":"https://studiolab.sagemaker.aws","httpRealm":null,"formSubmitURL":"https://studiolab.sagemaker.aws","usernameField":"username","passwordField":"password","encryptedUsername":"MEoEEPgAAAAAAAAAAAAAAAAAAAEwFAYIKoZIhvcNAwcECLkG5CbSAGa/BCDvaP4ttMXw2KQCZiKYNuK/Fn28tGY/eDVmF3Iq57v97w==","encryptedPassword":"MDoEEPgAAAAAAAAAAAAAAAAAAAEwFAYIKoZIhvcNAwcECCtRoQ3ApKX9BBAGPsliadi1JgQTFIP6OTZX","guid":"{a529b8ff-5b46-457c-97a9-0219de8a19b5}","encType":1,"timeCreated":1734181784016,"timeLastUsed":1734181784016,"timePasswordChanged":1734181784016,"timesUsed":1,"syncCounter":1,"everSynced":false,"encryptedUnknownFields":"MDIEEPgAAAAAAAAAAAAAAAAAAAEwFAYIKoZIhvcNAwcECIUThHyw12TpBAhXqt6j/e45Lw=="},{"id":59,"hostname":"https://studiolab.sagemaker.aws","httpRealm":null,"formSubmitURL":"https://studiolab.sagemaker.aws","usernameField":"username","passwordField":"password","encryptedUsername":"MEoEEPgAAAAAAAAAAAAAAAAAAAEwFAYIKoZIhvcNAwcECBT/wzmvULS0BCB7M/cKfiRDY6Kgvrd1TvLt5i1Zc4q+Y5G56MYiLvPNow==","encryptedPassword":"MDoEEPgAAAAAAAAAAAAAAAAAAAEwFAYIKoZIhvcNAwcECDNOi8WNvnIKBBCRp87j9nJicQG5/CS5Kxrj","guid":"{3fba95a3-9e85-4ea9-b613-738c59dd4b99}","encType":1,"timeCreated":1734181850020,"timeLastUsed":1734181850020,"timePasswordChanged":1734181850020,"timesUsed":1,"syncCounter":1,"everSynced":false,"encryptedUnknownFields":"MDIEEPgAAAAAAAAAAAAAAAAAAAEwFAYIKoZIhvcNAwcECIxxDR/SAc13BAi2f0QGmaAgZw=="},{"id":60,"hostname":"https://studiolab.sagemaker.aws","httpRealm":null,"formSubmitURL":"https://studiolab.sagemaker.aws","usernameField":"username","passwordField":"password","encryptedUsername":"MEIEEPgAAAAAAAAAAAAAAAAAAAEwFAYIKoZIhvcNAwcECLAzl0nyHBVkBBgywWrpNZZqCGDR8hxFNmmyH9tdsLStEIA=","encryptedPassword":"MDoEEPgAAAAAAAAAAAAAAAAAAAEwFAYIKoZIhvcNAwcECMLwps4pkBZOBBBiv5w47pHNP2Rv6kGedl94","guid":"{76048747-7321-4201-84e3-f4a4cfe3b2a4}","encType":1,"timeCreated":1734181890276,"timeLastUsed":1734181890276,"timePasswordChanged":1734181890276,"timesUsed":1,"syncCounter":1,"everSynced":false,"encryptedUnknownFields":"MDIEEPgAAAAAAAAAAAAAAAAAAAEwFAYIKoZIhvcNAwcECKaqud9sOTKTBAgNy6/cGHNuAw=="},{"id":61,"hostname":"https://studiolab.sagemaker.aws","httpRealm":null,"formSubmitURL":"https://studiolab.sagemaker.aws","usernameField":"username","passwordField":"password","encryptedUsername":"MEIEEPgAAAAAAAAAAAAAAAAAAAEwFAYIKoZIhvcNAwcECGWidg/BGl+CBBj+s5YaZfkmskxwPssWEBR0MEvWL6FRX9M=","encryptedPassword":"MDoEEPgAAAAAAAAAAAAAAAAAAAEwFAYIKoZIhvcNAwcECPdy0PyiZy/KBBCr1Ur5IuUYqhMN+EbEqtk3","guid":"{e27e7dc8-3998-4cad-a3f2-5593e0c302d7}","encType":1,"timeCreated":1734181954293,"timeLastUsed":1734181954293,"timePasswordChanged":1734181954293,"timesUsed":1,"syncCounter":1,"everSynced":false,"encryptedUnknownFields":"MDIEEPgAAAAAAAAAAAAAAAAAAAEwFAYIKoZIhvcNAwcECO2iTINFz4bNBAiReAOFm88o7w=="},{"id":63,"hostname":"https://studiolab.sagemaker.aws","httpRealm":null,"formSubmitURL":"https://studiolab.sagemaker.aws","usernameField":"username","passwordField":"password","encryptedUsername":"MEoEEPgAAAAAAAAAAAAAAAAAAAEwFAYIKoZIhvcNAwcECFJJSu1uyZX8BCBuUDhhuc9CmYoBB10HamaalwMP/vDvmbHR8Pw7FOclaw==","encryptedPassword":"MDoEEPgAAAAAAAAAAAAAAAAAAAEwFAYIKoZIhvcNAwcECIVEg+XZYtWBBBA2EiD3wlBhk7vctuqHv24Z","guid":"{a27a9d8e-2683-48c0-8ccb-08546b9fc253}","encType":1,"timeCreated":1734182094273,"timeLastUsed":1734182094273,"timePasswordChanged":1734182094273,"timesUsed":1,"syncCounter":1,"everSynced":false,"encryptedUnknownFields":"MDIEEPgAAAAAAAAAAAAAAAAAAAEwFAYIKoZIhvcNAwcECJkCq5d7okGuBAgI1VawlLqKJA=="},{"id":64,"hostname":"https://studiolab.sagemaker.aws","httpRealm":null,"formSubmitURL":"https://studiolab.sagemaker.aws","usernameField":"username","passwordField":"password","encryptedUsername":"MEIEEPgAAAAAAAAAAAAAAAAAAAEwFAYIKoZIhvcNAwcECIs8SNp9RyzeBBiHZLHomJEKAXrtuEmc/Aqe2r4yvtZCRXU=","encryptedPassword":"MDoEEPgAAAAAAAAAAAAAAAAAAAEwFAYIKoZIhvcNAwcECG3hb4YnDEaQBBDKZW0xJu6IgIDc7RYTb74l","guid":"{2e63b386-da18-4c23-a8e9-833bf2295f15}","encType":1,"timeCreated":1734182108317,"timeLastUsed":1734182108317,"timePasswordChanged":1734182108317,"timesUsed":1,"syncCounter":1,"everSynced":false,"encryptedUnknownFields":"MDIEEPgAAAAAAAAAAAAAAAAAAAEwFAYIKoZIhvcNAwcECPvoCRQjAXbZBAiiiS/y/3/z9A=="}],"potentiallyVulnerablePasswords":[],"dismissedBreachAlertsByLoginGUID":{},"version":3}