{"environment":{"locale":"en-GB","localeLanguageCode":"en","browserSettings":{"update":{"channel":"release","enabled":true,"autoDownload":true,"background":true}},"attributionData":{"dlsource":"mozillaci"},"currentDate":"2024-12-14T13:24:51.517Z","canCreateSelectableProfiles":null,"hasSelectableProfiles":false,"profileAgeCreated":1734018382940,"usesFirefoxSync":false,"isFxAEnabled":true,"isFxASignedIn":false,"sync":{"desktopDevices":0,"mobileDevices":0,"totalDevices":0},"xpinstallEnabled":true,"addonsInfo":{"addons":{"addons-search-detection@mozilla.com":{"version":"2.0.0","type":"extension","isSystem":false,"isWebExtension":true,"hidden":true,"isBuiltin":true,"name":"Add-ons Search Detection","userDisabled":false,"installDate":"2024-12-12T15:46:26.769Z"},"@testpilot-containers":{"version":"8.2.0","type":"extension","isSystem":false,"isWebExtension":true,"hidden":false,"isBuiltin":false,"name":"Firefox Multi-Account Containers","userDisabled":false,"installDate":"2024-12-13T01:56:46.541Z"},"formautofill@mozilla.org":{"version":"1.0.1","type":"extension","isSystem":true,"isWebExtension":true,"hidden":true,"isBuiltin":true,"name":"Form Autofill","userDisabled":false,"installDate":"2024-12-09T17:21:18.000Z"},"pictureinpicture@mozilla.org":{"version":"1.0.0","type":"extension","isSystem":true,"isWebExtension":true,"hidden":true,"isBuiltin":true,"name":"Picture-In-Picture","userDisabled":false,"installDate":"2024-12-09T17:21:18.000Z"},"webcompat@mozilla.org":{"version":"133.4.0","type":"extension","isSystem":true,"isWebExtension":true,"hidden":true,"isBuiltin":true,"name":"Web Compatibility Interventions","userDisabled":false,"installDate":"2024-12-09T17:21:18.000Z"}},"isFullData":true},"searchEngines":{"current":"google-b-d","installed":["google-b-d","bing","ddg","ebay-uk","wikipedia"]},"isDefaultBrowser":false,"isDefaultBrowserUncached":false,"devToolsOpenedCount":0,"topFrecentSites":[{"url":"https://studiolab.sagemaker.aws/login","host":"studiolab.sagemaker.aws","frecency":13400,"lastVisitDate":1734175333056},{"url":"https://muq-hastebin.glitch.me/raw/rxrPbfUp7Y","host":"muq-hastebin.glitch.me","frecency":2000,"lastVisitDate":1734111448025},{"url":"https://8nmt3svquxkqjyk.studio.us-east-2.sagemaker.aws/studiolab/default/jupyter/lab","host":"8nmt3svquxkqjyk.studio.us-east-2.sagemaker.aws","frecency":200,"lastVisitDate":1734171479701},{"url":"https://yms7pvmdtoampan.studio.us-east-2.sagemaker.aws/studiolab/default/jupyter/lab","host":"yms7pvmdtoampan.studio.us-east-2.sagemaker.aws","frecency":200,"lastVisitDate":1734171364717},{"url":"https://addons.mozilla.org/en-US/firefox/addon/multi-account-containers/","host":"addons.mozilla.org","frecency":195,"lastVisitDate":1734056956456},{"url":"https://l6wkrxnkhujrsfa.studio.us-east-2.sagemaker.aws/studiolab/default/jupyter/lab","host":"l6wkrxnkhujrsfa.studio.us-east-2.sagemaker.aws","frecency":160,"lastVisitDate":1734174820966},{"url":"https://nctwvv5uiknsnbb.studio.us-east-2.sagemaker.aws/studiolab/default/jupyter/lab","host":"nctwvv5uiknsnbb.studio.us-east-2.sagemaker.aws","frecency":160,"lastVisitDate":1734172726810},{"url":"https://qat9zvucls1fpsg.studio.us-east-2.sagemaker.aws/studiolab/default/jupyter/lab","host":"qat9zvucls1fpsg.studio.us-east-2.sagemaker.aws","frecency":160,"lastVisitDate":1734172646987},{"url":"https://inaljzf1dxxfd37.studio.us-east-2.sagemaker.aws/studiolab/default/jupyter/lab","host":"inaljzf1dxxfd37.studio.us-east-2.sagemaker.aws","frecency":160,"lastVisitDate":1734172541799},{"url":"https://5rymsoky9aadxj0.studio.us-east-2.sagemaker.aws/studiolab/default/jupyter/lab","host":"5rymsoky9aadxj0.studio.us-east-2.sagemaker.aws","frecency":160,"lastVisitDate":1734171507568},{"url":"https://d8qfdngl6hib3yi.studio.us-east-2.sagemaker.aws/studiolab/default/jupyter/lab","host":"d8qfdngl6hib3yi.studio.us-east-2.sagemaker.aws","frecency":160,"lastVisitDate":1734171474190},{"url":"https://rgrwxqjnbfvlyoz.studio.us-east-2.sagemaker.aws/studiolab/default/jupyter/lab","host":"rgrwxqjnbfvlyoz.studio.us-east-2.sagemaker.aws","frecency":160,"lastVisitDate":1734171439739},{"url":"https://bwu0a7iugtyej72.studio.us-east-2.sagemaker.aws/studiolab/default/jupyter/lab","host":"bwu0a7iugtyej72.studio.us-east-2.sagemaker.aws","frecency":160,"lastVisitDate":1734171369127},{"url":"https://f9ywotr5etfxuxm.studio.us-east-2.sagemaker.aws/studiolab/default/jupyter/lab","host":"f9ywotr5etfxuxm.studio.us-east-2.sagemaker.aws","frecency":160,"lastVisitDate":1734171290686},{"url":"https://d98cvmdlaiq25ps.studio.us-east-2.sagemaker.aws/studiolab/default/jupyter/lab","host":"d98cvmdlaiq25ps.studio.us-east-2.sagemaker.aws","frecency":120,"lastVisitDate":1734174802877},{"url":"https://vrbhurbzg06hfvx.studio.us-east-2.sagemaker.aws/studiolab/default/jupyter/lab","host":"vrbhurbzg06hfvx.studio.us-east-2.sagemaker.aws","frecency":120,"lastVisitDate":1734172871598},{"url":"https://zlwlvvip9knirwe.studio.us-east-2.sagemaker.aws/studiolab/default/jupyter/lab","host":"zlwlvvip9knirwe.studio.us-east-2.sagemaker.aws","frecency":120,"lastVisitDate":1734172864110},{"url":"https://hzwdpbq2mqjcqty.studio.us-east-2.sagemaker.aws/studiolab/default/jupyter/lab","host":"hzwdpbq2mqjcqty.studio.us-east-2.sagemaker.aws","frecency":120,"lastVisitDate":1734172787921},{"url":"https://prsox4u8lg6saie.studio.us-east-2.sagemaker.aws/studiolab/default/jupyter/lab","host":"prsox4u8lg6saie.studio.us-east-2.sagemaker.aws","frecency":120,"lastVisitDate":1734172723153},{"url":"https://km7dlty3gkbccqp.studio.us-east-2.sagemaker.aws/studiolab/default/jupyter/lab","host":"km7dlty3gkbccqp.studio.us-east-2.sagemaker.aws","frecency":120,"lastVisitDate":1734171193243},{"url":"https://wx1tu2wspksjpol.studio.us-east-2.sagemaker.aws/studiolab/default/jupyter/lab","host":"wx1tu2wspksjpol.studio.us-east-2.sagemaker.aws","frecency":120,"lastVisitDate":1734155326843},{"url":"https://5v2wqur0eo7tem4.studio.us-east-2.sagemaker.aws/studiolab/default/jupyter/lab","host":"5v2wqur0eo7tem4.studio.us-east-2.sagemaker.aws","frecency":117,"lastVisitDate":1734099896795}],"recentBookmarks":[],"pinnedSites":[],"providerCohorts":{"cfr":"","message-groups":"","messaging-experiments":"","onboarding":""},"totalBookmarksCount":4,"firefoxVersion":133,"region":"GB","needsUpdate":false,"hasPinnedTabs":false,"hasAccessedFxAPanel":false,"userPrefs":{"cfrFeatures":true,"cfrAddons":true},"totalBlockedCount":0,"blockedCountByType":{"trackerCount":0,"cookieCount":0,"cryptominerCount":0,"fingerprinterCount":0,"socialCount":0},"attachedFxAOAuthClients":[],"platformName":"win","isChinaRepack":false,"userId":"3e9a1bce-6e83-46b7-93ab-e41d109ce087","profileRestartCount":7,"homePageSettings":{"isWebExt":false,"isCustomUrl":false,"urls":[{"url":"about:home","host":""}],"isDefault":true,"isLocked":false},"newtabSettings":{"isWebExt":false,"isCustomUrl":false,"isDefault":true,"url":"about:newtab","host":""},"activeNotifications":false,"isMajorUpgrade":false,"hasActiveEnterprisePolicies":false,"userMonthlyActivity":[[2,"2024-12-12"],[372,"2024-12-13"],[249,"2024-12-14"]],"doesAppNeedPin":false,"doesAppNeedPinUncached":false,"doesAppNeedPrivatePin":false,"launchOnLoginEnabled":false,"isMSIX":false,"isBackgroundTaskMode":false,"backgroundTaskName":null,"userPrefersReducedMotion":true,"distributionId":"","fxViewButtonAreaType":"toolbar","isDefaultHandler":{"html":false,"pdf":false},"defaultPDFHandler":{"registered":true,"knownBrowser":true},"creditCardsSaved":0,"addressesSaved":0,"hasMigratedBookmarks":false,"hasMigratedCSVPasswords":false,"hasMigratedHistory":false,"hasMigratedPasswords":false,"useEmbeddedMigrationWizard":true,"isRTAMO":false,"isDeviceMigration":false,"primaryResolution":{"width":1366,"height":728},"archBits":64,"systemArch":"x86-64","memoryMB":32297.52734375,"totalSearches":2,"isFirstStartup":false,"activeExperiments":["long-term-holdback-2024-h2-velocity-desktop","npo-sign-up-sign-in-button-text-change"],"activeRollouts":["backgroundupdate-enable-unelevated-installations-rollout-3-release","upgrade-spotlight-rollout","launch-firefox-on-os-restart-treatment-a-rollout","phc-rollout","disable-redirects-for-authretries","one-click-set-to-default-new-users-rollout","encrypted-client-hello-fallback-mechanism","fx-accounts-ping-release-rollout-2","fx-view-discoverability-rollout","disable-ads-startup-cache","disabling-chips-for-v131","rollout-npo-account-login-screen-windows-select-locales","fox-doodle-and-tail-fox-2024-rollout","consolidated-search-configuration-row-desktop-relaunch","extensions-migration-in-import-wizard-116-rollout"],"previousExperiments":[],"previousRollouts":[],"enrollments":["backgroundupdate-enable-unelevated-installations-rollout-3-release","upgrade-spotlight-rollout","launch-firefox-on-os-restart-treatment-a-rollout","phc-rollout","long-term-holdback-2024-h2-velocity-desktop","disable-redirects-for-authretries","one-click-set-to-default-new-users-rollout","encrypted-client-hello-fallback-mechanism","fx-accounts-ping-release-rollout-2","fx-view-discoverability-rollout","disable-ads-startup-cache","disabling-chips-for-v131","rollout-npo-account-login-screen-windows-select-locales","fox-doodle-and-tail-fox-2024-rollout","npo-sign-up-sign-in-button-text-change","consolidated-search-configuration-row-desktop-relaunch","extensions-migration-in-import-wizard-116-rollout"],"enrollmentsMap":{"backgroundupdate-enable-unelevated-installations-rollout-3-release":"enabled","upgrade-spotlight-rollout":"treatment","launch-firefox-on-os-restart-treatment-a-rollout":"treatment-a","phc-rollout":"rollout","long-term-holdback-2024-h2-velocity-desktop":"delivery","disable-redirects-for-authretries":"control","one-click-set-to-default-new-users-rollout":"treatment-b","encrypted-client-hello-fallback-mechanism":"control","fx-accounts-ping-release-rollout-2":"control","fx-view-discoverability-rollout":"treatment-b","disable-ads-startup-cache":"control","disabling-chips-for-v131":"control","rollout-npo-account-login-screen-windows-select-locales":"treatment-a","fox-doodle-and-tail-fox-2024-rollout":"treatment-a","npo-sign-up-sign-in-button-text-change":"control-branch","consolidated-search-configuration-row-desktop-relaunch":"rollout","extensions-migration-in-import-wizard-116-rollout":"control"}},"version":1}