{"nextId":30,"logins":[{"id":1,"hostname":"https://studiolab.sagemaker.aws","httpRealm":null,"formSubmitURL":"https://studiolab.sagemaker.aws","usernameField":"username","passwordField":"password","encryptedUsername":"MEoEEPgAAAAAAAAAAAAAAAAAAAEwFAYIKoZIhvcNAwcECEAtxBXxGsbxBCDqeqGxIQ/EW+GrJ+OsBe25IcD6VF6UKWhL/87ailt26A==","encryptedPassword":"MDoEEPgAAAAAAAAAAAAAAAAAAAEwFAYIKoZIhvcNAwcECNyudvFWXnLJBBAyDhF3PqX2umXV77BhTyDZ","guid":"{43118f4a-ac4b-4f41-a116-4840e7b4789e}","encType":1,"timeCreated":1734020560035,"timeLastUsed":1734020560035,"timePasswordChanged":1734020560035,"timesUsed":1,"syncCounter":1,"everSynced":false,"encryptedUnknownFields":"MDIEEPgAAAAAAAAAAAAAAAAAAAEwFAYIKoZIhvcNAwcECCDg9XbAVE5wBAh55QrY+FCRZg=="},{"id":2,"hostname":"https://studiolab.sagemaker.aws","httpRealm":null,"formSubmitURL":"https://studiolab.sagemaker.aws","usernameField":"username","passwordField":"password","encryptedUsername":"MEoEEPgAAAAAAAAAAAAAAAAAAAEwFAYIKoZIhvcNAwcECIH64r8jKpx4BCDnwAw2O2HN15jl48xouZbCSWDkJ7hyBlr3OcGi/EvitA==","encryptedPassword":"MDoEEPgAAAAAAAAAAAAAAAAAAAEwFAYIKoZIhvcNAwcECGRik17s2fx/BBDR5Ba2B685KsfapHiBo525","guid":"{16100762-66f5-463d-a7a0-0493718f47cb}","encType":1,"timeCreated":1734020587167,"timeLastUsed":1734020587167,"timePasswordChanged":1734020587167,"timesUsed":1,"syncCounter":1,"everSynced":false,"encryptedUnknownFields":"MDIEEPgAAAAAAAAAAAAAAAAAAAEwFAYIKoZIhvcNAwcECFRpSbZQSgrcBAhYsfDH7FTt3g=="},{"id":3,"hostname":"https://studiolab.sagemaker.aws","httpRealm":null,"formSubmitURL":"https://studiolab.sagemaker.aws","usernameField":"username","passwordField":"password","encryptedUsername":"MEoEEPgAAAAAAAAAAAAAAAAAAAEwFAYIKoZIhvcNAwcECPODusjR8TfVBCAilpR8I+Z569BBnpCk5xXh2n8CthUv1g0pf0m9reFZkQ==","encryptedPassword":"MDoEEPgAAAAAAAAAAAAAAAAAAAEwFAYIKoZIhvcNAwcECBtZALbc3yZABBCNspba9V+J9z5m4E6ZePar","guid":"{99dc6ce4-3cd8-47a8-8169-3040e0b1e59d}","encType":1,"timeCreated":1734020639428,"timeLastUsed":1734020639428,"timePasswordChanged":1734020639428,"timesUsed":1,"syncCounter":1,"everSynced":false,"encryptedUnknownFields":"MDIEEPgAAAAAAAAAAAAAAAAAAAEwFAYIKoZIhvcNAwcECN6vQ7//0KIXBAhzFYK4p//sjQ=="},{"id":4,"hostname":"https://studiolab.sagemaker.aws","httpRealm":null,"formSubmitURL":"https://studiolab.sagemaker.aws","usernameField":"username","passwordField":"password","encryptedUsername":"MFIEEPgAAAAAAAAAAAAAAAAAAAEwFAYIKoZIhvcNAwcECIBQw6r9VZTPBCgVexiOT1w/uBrQe9s3Mesmk9T+VT34OLvjYTUjU3MNHxLGvR+nZZ7i","encryptedPassword":"MDoEEPgAAAAAAAAAAAAAAAAAAAEwFAYIKoZIhvcNAwcECG/70pPB9vMaBBAViGPld7AxOTZqLUftm7/4","guid":"{fa0090a2-86f0-4324-bd27-293060c537cf}","encType":1,"timeCreated":1734020685992,"timeLastUsed":1734020685992,"timePasswordChanged":1734020685992,"timesUsed":1,"syncCounter":1,"everSynced":false,"encryptedUnknownFields":"MDIEEPgAAAAAAAAAAAAAAAAAAAEwFAYIKoZIhvcNAwcECA4ovu1P0pmvBAjPzxEqZsdQuA=="},{"id":5,"hostname":"https://studiolab.sagemaker.aws","httpRealm":null,"formSubmitURL":"https://studiolab.sagemaker.aws","usernameField":"username","passwordField":"password","encryptedUsername":"MEoEEPgAAAAAAAAAAAAAAAAAAAEwFAYIKoZIhvcNAwcECKDci5VdSYppBCBMkPJF7icwENJtWkSWh8k+tPjpGOlUzWaKZ0wM8PRocg==","encryptedPassword":"MDoEEPgAAAAAAAAAAAAAAAAAAAEwFAYIKoZIhvcNAwcECEK9f7P9kg/kBBD8RLi65sRSJqT6X4nNGRnH","guid":"{1f9726fb-9939-4e7b-8f7c-2cf9b0f45fa2}","encType":1,"timeCreated":1734020782010,"timeLastUsed":1734020782010,"timePasswordChanged":1734020782010,"timesUsed":1,"syncCounter":1,"everSynced":false,"encryptedUnknownFields":"MDIEEPgAAAAAAAAAAAAAAAAAAAEwFAYIKoZIhvcNAwcECEj29ZK3/1npBAhT/4m3MFNF4w=="},{"id":6,"hostname":"https://studiolab.sagemaker.aws","httpRealm":null,"formSubmitURL":"https://studiolab.sagemaker.aws","usernameField":"username","passwordField":"password","encryptedUsername":"MEoEEPgAAAAAAAAAAAAAAAAAAAEwFAYIKoZIhvcNAwcECLFjTssqoEktBCD5INeQvNkwqRHqKM30WPeXatmIv2wY4EwPnXq+nMhTeg==","encryptedPassword":"MDoEEPgAAAAAAAAAAAAAAAAAAAEwFAYIKoZIhvcNAwcECNNY9GmChNdRBBCm4G45lD+5uwTN296NiLif","guid":"{acd2d274-7314-45d4-b6d1-a328409698ed}","encType":1,"timeCreated":1734020812963,"timeLastUsed":1734020812963,"timePasswordChanged":1734020812963,"timesUsed":1,"syncCounter":1,"everSynced":false,"encryptedUnknownFields":"MDIEEPgAAAAAAAAAAAAAAAAAAAEwFAYIKoZIhvcNAwcECPYgfrFZ27UiBAhOt0t+3s2oJg=="},{"id":7,"hostname":"https://studiolab.sagemaker.aws","httpRealm":null,"formSubmitURL":"https://studiolab.sagemaker.aws","usernameField":"username","passwordField":"password","encryptedUsername":"MEoEEPgAAAAAAAAAAAAAAAAAAAEwFAYIKoZIhvcNAwcECI33tfgXK9cWBCCWmhH8T4RzXZW+s2r8PNlbg3B6aOsZXZddJgsGvWvSzw==","encryptedPassword":"MDoEEPgAAAAAAAAAAAAAAAAAAAEwFAYIKoZIhvcNAwcECN4Gqtoq7TqYBBAXEr9GW587QTMNtbTCOSly","guid":"{f30790fd-ea9c-461a-9c31-03f1c2fc08db}","encType":1,"timeCreated":1734020886087,"timeLastUsed":1734020886087,"timePasswordChanged":1734020886087,"timesUsed":1,"syncCounter":1,"everSynced":false,"encryptedUnknownFields":"MDIEEPgAAAAAAAAAAAAAAAAAAAEwFAYIKoZIhvcNAwcECONFMa2fdKRnBAhhj3bVmiOjmA=="},{"id":8,"hostname":"https://studiolab.sagemaker.aws","httpRealm":null,"formSubmitURL":"https://studiolab.sagemaker.aws","usernameField":"username","passwordField":"password","encryptedUsername":"MFIEEPgAAAAAAAAAAAAAAAAAAAEwFAYIKoZIhvcNAwcECLyVbSywFQ8DBCiVdWEHRk1OWtamHlQouM14YSmRAmTxPxeYHijNo85B/FK98qZkJAGD","encryptedPassword":"MDoEEPgAAAAAAAAAAAAAAAAAAAEwFAYIKoZIhvcNAwcECEERtT9n4pULBBCG9prCVr0bXKl3vVXBN+5l","guid":"{c5a133bb-0165-45dd-930e-fff748a41f06}","encType":1,"timeCreated":1734020931597,"timeLastUsed":1734020931597,"timePasswordChanged":1734020931597,"timesUsed":1,"syncCounter":1,"everSynced":false,"encryptedUnknownFields":"MDIEEPgAAAAAAAAAAAAAAAAAAAEwFAYIKoZIhvcNAwcECA3Ne4su16SxBAg+RaQ2kmem7w=="},{"id":9,"hostname":"https://studiolab.sagemaker.aws","httpRealm":null,"formSubmitURL":"https://studiolab.sagemaker.aws","usernameField":"username","passwordField":"password","encryptedUsername":"MEoEEPgAAAAAAAAAAAAAAAAAAAEwFAYIKoZIhvcNAwcECOPa6yzgd5hNBCB3bCO7/6vRdjd1fu5f7sPCGnAXzt6UVGGVL+P4Vq2tcg==","encryptedPassword":"MDoEEPgAAAAAAAAAAAAAAAAAAAEwFAYIKoZIhvcNAwcECA8gEU8IdopmBBCF2zIxErsyAp2qFQUK53qa","guid":"{0f1e74b2-c00d-4048-bb9a-eed0a11a83e1}","encType":1,"timeCreated":1734020976801,"timeLastUsed":1734020976801,"timePasswordChanged":1734020976801,"timesUsed":1,"syncCounter":1,"everSynced":false,"encryptedUnknownFields":"MDIEEPgAAAAAAAAAAAAAAAAAAAEwFAYIKoZIhvcNAwcECITwVwZMm6vGBAg8yq0nBWK7Ww=="},{"id":10,"hostname":"https://studiolab.sagemaker.aws","httpRealm":null,"formSubmitURL":"https://studiolab.sagemaker.aws","usernameField":"username","passwordField":"password","encryptedUsername":"MFIEEPgAAAAAAAAAAAAAAAAAAAEwFAYIKoZIhvcNAwcECAosOZoaSXoeBCjTugkOoAUlKeaQ/8MNGiUmCIjfDvaN6DzOarwwUEJ++P7Sb3lH6Hd+","encryptedPassword":"MDoEEPgAAAAAAAAAAAAAAAAAAAEwFAYIKoZIhvcNAwcECGYbotDnGEw/BBCrcYlWNUBskq7lk5pjChb0","guid":"{23628a16-00f2-4642-a516-14563efc7d03}","encType":1,"timeCreated":1734021031524,"timeLastUsed":1734021031524,"timePasswordChanged":1734021031524,"timesUsed":1,"syncCounter":1,"everSynced":false,"encryptedUnknownFields":"MDIEEPgAAAAAAAAAAAAAAAAAAAEwFAYIKoZIhvcNAwcECKSSEyfWxfqhBAisoZVVrsqPVQ=="},{"id":11,"hostname":"https://studiolab.sagemaker.aws","httpRealm":null,"formSubmitURL":"https://studiolab.sagemaker.aws","usernameField":"username","passwordField":"password","encryptedUsername":"MEoEEPgAAAAAAAAAAAAAAAAAAAEwFAYIKoZIhvcNAwcECK8WTlhUobqaBCDOy+N+YK8G8QZBPgZCiQVAiLlteM32OnC5jPVTuIlF9w==","encryptedPassword":"MDoEEPgAAAAAAAAAAAAAAAAAAAEwFAYIKoZIhvcNAwcECBrjPY/IRVCYBBCPf7p97wJmUsbXDFwsIcHH","guid":"{d27572c2-e782-4f72-a210-80bd93129bdc}","encType":1,"timeCreated":1734021106141,"timeLastUsed":1734021106141,"timePasswordChanged":1734021106141,"timesUsed":1,"syncCounter":1,"everSynced":false,"encryptedUnknownFields":"MDIEEPgAAAAAAAAAAAAAAAAAAAEwFAYIKoZIhvcNAwcECJn/HvbkEsOiBAgRsv0bTqzvcg=="},{"id":12,"hostname":"https://studiolab.sagemaker.aws","httpRealm":null,"formSubmitURL":"https://studiolab.sagemaker.aws","usernameField":"username","passwordField":"password","encryptedUsername":"MFIEEPgAAAAAAAAAAAAAAAAAAAEwFAYIKoZIhvcNAwcECBMBTk22cxtVBCjH3K493tVAv0FpVRY9jN56ROypV+Vn/oXL1hEm+5OdXk2S32aM2L7c","encryptedPassword":"MDoEEPgAAAAAAAAAAAAAAAAAAAEwFAYIKoZIhvcNAwcECKHM77dn5OgYBBB1yXqxDoYD3/t5GVYabM6n","guid":"{f263b6e5-31f0-4bcc-ae58-416b9fad5f78}","encType":1,"timeCreated":1734021144475,"timeLastUsed":1734021144475,"timePasswordChanged":1734021144475,"timesUsed":1,"syncCounter":1,"everSynced":false,"encryptedUnknownFields":"MDIEEPgAAAAAAAAAAAAAAAAAAAEwFAYIKoZIhvcNAwcECHCggjC6shz4BAjyYxuX6KHw9g=="},{"id":13,"hostname":"https://studiolab.sagemaker.aws","httpRealm":null,"formSubmitURL":"https://studiolab.sagemaker.aws","usernameField":"username","passwordField":"password","encryptedUsername":"MFIEEPgAAAAAAAAAAAAAAAAAAAEwFAYIKoZIhvcNAwcECF94TlMmTc+MBCjxo2mbw14Cgzerw5KFZdWyklg9FxZr6jh8xa/EGBwH1B3d61KW6ecP","encryptedPassword":"MDoEEPgAAAAAAAAAAAAAAAAAAAEwFAYIKoZIhvcNAwcECNASOmUCpezFBBBIZoNKtailffKcov6jbi/D","guid":"{25e65a15-f875-4fdd-be3b-69701bbe59df}","encType":1,"timeCreated":1734021182076,"timeLastUsed":1734021182076,"timePasswordChanged":1734021182076,"timesUsed":1,"syncCounter":1,"everSynced":false,"encryptedUnknownFields":"MDIEEPgAAAAAAAAAAAAAAAAAAAEwFAYIKoZIhvcNAwcECEV3+w5bEjq5BAgZKMq0hn6Ffw=="},{"id":14,"hostname":"https://studiolab.sagemaker.aws","httpRealm":null,"formSubmitURL":"https://studiolab.sagemaker.aws","usernameField":"username","passwordField":"password","encryptedUsername":"MEoEEPgAAAAAAAAAAAAAAAAAAAEwFAYIKoZIhvcNAwcECCyA/c6Xf8zvBCCyN5XWR6vXi//FxkAWuPV3IFcljc0Cfjff2Ho4qAeviA==","encryptedPassword":"MDoEEPgAAAAAAAAAAAAAAAAAAAEwFAYIKoZIhvcNAwcECLV4lfewjsnnBBCx6VbSd/F7VOnrHcST8AEA","guid":"{d6f0c903-459e-4d79-8560-0fdc8c842a45}","encType":1,"timeCreated":1734021211554,"timeLastUsed":1734021211554,"timePasswordChanged":1734021211554,"timesUsed":1,"syncCounter":1,"everSynced":false,"encryptedUnknownFields":"MDIEEPgAAAAAAAAAAAAAAAAAAAEwFAYIKoZIhvcNAwcECIhc9GspX+60BAgOIwGXFl32Tg=="},{"id":15,"hostname":"https://studiolab.sagemaker.aws","httpRealm":null,"formSubmitURL":"https://studiolab.sagemaker.aws","usernameField":"username","passwordField":"password","encryptedUsername":"MFIEEPgAAAAAAAAAAAAAAAAAAAEwFAYIKoZIhvcNAwcECCzMIvo3F9ZkBCiFcf6/mMagi4Hp+5HN3Z95HmMhCzFIbYDLqFMOfnshvfWyL2NR+sIc","encryptedPassword":"MDoEEPgAAAAAAAAAAAAAAAAAAAEwFAYIKoZIhvcNAwcECPVl+aR+E6xYBBBS2JvD7YR44c/gnLZW2U7r","guid":"{d05b9a07-a1fc-46e9-8111-6dcb9efee57a}","encType":1,"timeCreated":1734021235707,"timeLastUsed":1734021235707,"timePasswordChanged":1734021235707,"timesUsed":1,"syncCounter":1,"everSynced":false,"encryptedUnknownFields":"MDIEEPgAAAAAAAAAAAAAAAAAAAEwFAYIKoZIhvcNAwcECINBzbCTmtvYBAgFL+rfveJ9OA=="},{"id":16,"hostname":"https://studiolab.sagemaker.aws","httpRealm":null,"formSubmitURL":"https://studiolab.sagemaker.aws","usernameField":"username","passwordField":"password","encryptedUsername":"MFIEEPgAAAAAAAAAAAAAAAAAAAEwFAYIKoZIhvcNAwcECHU47iw3GIjJBCjDNvdJfahKiEe5vkWWbJQz62D2NkkAr4Wnmov0mBvlsTw6kBgK4BLd","encryptedPassword":"MDoEEPgAAAAAAAAAAAAAAAAAAAEwFAYIKoZIhvcNAwcECLJe2gqeyYtdBBD6CqpxrfENohwQtBtyulXX","guid":"{249dc023-2f09-4d93-a232-504eb4fb8bfe}","encType":1,"timeCreated":1734021467903,"timeLastUsed":1734021467903,"timePasswordChanged":1734021467903,"timesUsed":1,"syncCounter":1,"everSynced":false,"encryptedUnknownFields":"MDIEEPgAAAAAAAAAAAAAAAAAAAEwFAYIKoZIhvcNAwcECHxmZzSAiudWBAhAbbjqvcDIPg=="},{"id":17,"hostname":"https://studiolab.sagemaker.aws","httpRealm":null,"formSubmitURL":"https://studiolab.sagemaker.aws","usernameField":"username","passwordField":"password","encryptedUsername":"MFIEEPgAAAAAAAAAAAAAAAAAAAEwFAYIKoZIhvcNAwcECPtMl9FuqQcKBChIfRx0bfl2HT9jcR7F7XXm2En8eXDm5Ut0w83UnbIjwVukA/AfHtCc","encryptedPassword":"MDoEEPgAAAAAAAAAAAAAAAAAAAEwFAYIKoZIhvcNAwcECHDLw0+ccLTfBBDg99dHABbgj+PoIwmtg2vr","guid":"{b6c14def-a250-4a6d-a8d0-40ce59e78582}","encType":1,"timeCreated":1734021503518,"timeLastUsed":1734021503518,"timePasswordChanged":1734021503518,"timesUsed":1,"syncCounter":1,"everSynced":false,"encryptedUnknownFields":"MDIEEPgAAAAAAAAAAAAAAAAAAAEwFAYIKoZIhvcNAwcECEeuOHa/e5C6BAhTWuVRXfrRrw=="},{"id":18,"hostname":"https://studiolab.sagemaker.aws","httpRealm":null,"formSubmitURL":"https://studiolab.sagemaker.aws","usernameField":"username","passwordField":"password","encryptedUsername":"MFIEEPgAAAAAAAAAAAAAAAAAAAEwFAYIKoZIhvcNAwcECKcePEjmDAk9BCglnjL3b7vzGQIZzRrMGaKCnLo0eQgLRumr2dF1dkQHnCuDRZDd1vWZ","encryptedPassword":"MDoEEPgAAAAAAAAAAAAAAAAAAAEwFAYIKoZIhvcNAwcECMQeafe93lSABBDKeEXfsS6ZKbjjYzFYpaZg","guid":"{cbfb16e9-4ae3-4b8e-9f7e-80c603454128}","encType":1,"timeCreated":1734021533042,"timeLastUsed":1734021533042,"timePasswordChanged":1734021533042,"timesUsed":1,"syncCounter":1,"everSynced":false,"encryptedUnknownFields":"MDIEEPgAAAAAAAAAAAAAAAAAAAEwFAYIKoZIhvcNAwcECApo3Yr+QRYcBAjavrVCexFK0g=="},{"id":19,"hostname":"https://studiolab.sagemaker.aws","httpRealm":null,"formSubmitURL":"https://studiolab.sagemaker.aws","usernameField":"username","passwordField":"password","encryptedUsername":"MFIEEPgAAAAAAAAAAAAAAAAAAAEwFAYIKoZIhvcNAwcECCJd8P6XLxKpBCho1iK0BAl3OjPUo4qbwAqAkjHGPdu4CXEfLLUgiy+eFI2zNM7/wT6T","encryptedPassword":"MDoEEPgAAAAAAAAAAAAAAAAAAAEwFAYIKoZIhvcNAwcECI6TqyLRZXLDBBA+fVxkNqVwpevyhGWjQ78G","guid":"{318c76ab-d698-467d-94b8-512c54eef753}","encType":1,"timeCreated":1734021632857,"timeLastUsed":1734021632857,"timePasswordChanged":1734021632857,"timesUsed":1,"syncCounter":1,"everSynced":false,"encryptedUnknownFields":"MDIEEPgAAAAAAAAAAAAAAAAAAAEwFAYIKoZIhvcNAwcECKFbd2aZemwvBAhZ26yB6nFuPw=="},{"id":20,"hostname":"https://studiolab.sagemaker.aws","httpRealm":null,"formSubmitURL":"https://studiolab.sagemaker.aws","usernameField":"username","passwordField":"password","encryptedUsername":"MFIEEPgAAAAAAAAAAAAAAAAAAAEwFAYIKoZIhvcNAwcECEgNo3oqp8V5BCiCxQgUQGaq5W1Qe55K2UhsEnYYtLWZEa0G3M6HTcvsHSIvi0ceBJzo","encryptedPassword":"MDoEEPgAAAAAAAAAAAAAAAAAAAEwFAYIKoZIhvcNAwcECBHRuLvFzLNdBBCJbtJ6nqoM+JckwG10ZRnC","guid":"{12e65dd4-7c4e-4b60-bd5f-709a3c249bbe}","encType":1,"timeCreated":1734021690373,"timeLastUsed":1734021690373,"timePasswordChanged":1734021690373,"timesUsed":1,"syncCounter":1,"everSynced":false,"encryptedUnknownFields":"MDIEEPgAAAAAAAAAAAAAAAAAAAEwFAYIKoZIhvcNAwcECChAx7qHP4VzBAjBT/lTYWpKjQ=="},{"id":21,"hostname":"https://studiolab.sagemaker.aws","httpRealm":null,"formSubmitURL":"https://studiolab.sagemaker.aws","usernameField":"username","passwordField":"password","encryptedUsername":"MFIEEPgAAAAAAAAAAAAAAAAAAAEwFAYIKoZIhvcNAwcECK7JddgW65rtBCiRWQQawhDDyOqHqgit26f/P9VyTvidHgNWHgOQKjKUUcsr0X88OJhi","encryptedPassword":"MDoEEPgAAAAAAAAAAAAAAAAAAAEwFAYIKoZIhvcNAwcECJoUr/1s9ttnBBCBON+lmbmvUcR0YHD0srxH","guid":"{cf5a1680-7503-4d8b-9389-fbc934cfe1b5}","encType":1,"timeCreated":1734021782928,"timeLastUsed":1734021782928,"timePasswordChanged":1734021782928,"timesUsed":1,"syncCounter":1,"everSynced":false,"encryptedUnknownFields":"MDIEEPgAAAAAAAAAAAAAAAAAAAEwFAYIKoZIhvcNAwcECE3SjVAX7KZ/BAjUsi5jm8baMQ=="},{"id":22,"hostname":"https://studiolab.sagemaker.aws","httpRealm":null,"formSubmitURL":"https://studiolab.sagemaker.aws","usernameField":"username","passwordField":"password","encryptedUsername":"MFIEEPgAAAAAAAAAAAAAAAAAAAEwFAYIKoZIhvcNAwcECAJuzylU9c/RBCgp5CYjbY2drnAS/XzY6CSHATHmVloUzbd/G9WAxGQQWmQAakVwEERB","encryptedPassword":"MDoEEPgAAAAAAAAAAAAAAAAAAAEwFAYIKoZIhvcNAwcECJ5V/An6B7CJBBCuRbMFPsNRG9vJRg0Zwkj6","guid":"{c02518c7-a203-457a-b71e-d45ce51eeb7e}","encType":1,"timeCreated":1734021823132,"timeLastUsed":1734021823132,"timePasswordChanged":1734021823132,"timesUsed":1,"syncCounter":1,"everSynced":false,"encryptedUnknownFields":"MDIEEPgAAAAAAAAAAAAAAAAAAAEwFAYIKoZIhvcNAwcECHDmAW7QXk75BAifyjYmtz27ow=="},{"id":23,"hostname":"https://studiolab.sagemaker.aws","httpRealm":null,"formSubmitURL":"https://studiolab.sagemaker.aws","usernameField":"username","passwordField":"password","encryptedUsername":"MFIEEPgAAAAAAAAAAAAAAAAAAAEwFAYIKoZIhvcNAwcECFRAcJvKmXt5BCj/NE8r6Bxd8mAOpsqQ+GhxsbCkPbcCLHl3oXIH0lzkwJJGuhypJnxQ","encryptedPassword":"MDoEEPgAAAAAAAAAAAAAAAAAAAEwFAYIKoZIhvcNAwcECJEngTcWGpF4BBBGWPXq/bRc1siKFS+iHtfP","guid":"{8d42188b-02da-4eaf-8071-490bd09d28b7}","encType":1,"timeCreated":1734021904950,"timeLastUsed":1734021904950,"timePasswordChanged":1734021904950,"timesUsed":1,"syncCounter":1,"everSynced":false,"encryptedUnknownFields":"MDIEEPgAAAAAAAAAAAAAAAAAAAEwFAYIKoZIhvcNAwcECIeBSN9EIbh5BAifFMgcL2pM4A=="},{"id":24,"hostname":"https://studiolab.sagemaker.aws","httpRealm":null,"formSubmitURL":"https://studiolab.sagemaker.aws","usernameField":"username","passwordField":"password","encryptedUsername":"MFIEEPgAAAAAAAAAAAAAAAAAAAEwFAYIKoZIhvcNAwcECHEOrSxIQib3BCi3uUjgyEC44uUd9f4TaaobHkZZLKq17JPAz+r5e3aNBqVkCF90XNmi","encryptedPassword":"MDoEEPgAAAAAAAAAAAAAAAAAAAEwFAYIKoZIhvcNAwcECBRh1nRu6wmwBBCvAxWaU79x0+6na46wPjEn","guid":"{2c6aa070-65b5-4805-9882-de086cf18365}","encType":1,"timeCreated":1734021939700,"timeLastUsed":1734021939700,"timePasswordChanged":1734021939700,"timesUsed":1,"syncCounter":1,"everSynced":false,"encryptedUnknownFields":"MDIEEPgAAAAAAAAAAAAAAAAAAAEwFAYIKoZIhvcNAwcECLRUG89v9oeZBAgnnuNo4PQf5A=="},{"id":25,"hostname":"https://studiolab.sagemaker.aws","httpRealm":null,"formSubmitURL":"https://studiolab.sagemaker.aws","usernameField":"username","passwordField":"password","encryptedUsername":"MFIEEPgAAAAAAAAAAAAAAAAAAAEwFAYIKoZIhvcNAwcECI58gFRM7bLYBCiRYAHGweh+WB5AweFUpmrR75vMirXbXBCjDnho22gC/GAL635Q0CS3","encryptedPassword":"MDoEEPgAAAAAAAAAAAAAAAAAAAEwFAYIKoZIhvcNAwcECLyVAtQqR/3nBBB2+yH59AqnyGmjD3S45a+H","guid":"{2ab6d3c9-c782-4b39-81d8-d75b3d4bf21a}","encType":1,"timeCreated":1734022028287,"timeLastUsed":1734022028287,"timePasswordChanged":1734022028287,"timesUsed":1,"syncCounter":1,"everSynced":false,"encryptedUnknownFields":"MDIEEPgAAAAAAAAAAAAAAAAAAAEwFAYIKoZIhvcNAwcECPqy3bW8crFRBAj9GN2BQF2U6g=="},{"id":26,"hostname":"https://studiolab.sagemaker.aws","httpRealm":null,"formSubmitURL":"https://studiolab.sagemaker.aws","usernameField":"username","passwordField":"password","encryptedUsername":"MFIEEPgAAAAAAAAAAAAAAAAAAAEwFAYIKoZIhvcNAwcECJisPojBQDPSBCgGvRJcR6PBMLJQo8C+nx3WlcNcUre+KsQXPrGPunJ+iAM88stmsxTI","encryptedPassword":"MDoEEPgAAAAAAAAAAAAAAAAAAAEwFAYIKoZIhvcNAwcECG/O5bz9tWiJBBDLedLn/0XB+ZpQBwr+BXfX","guid":"{f9a90255-70bf-44db-a1e6-275bbd07f221}","encType":1,"timeCreated":1734022073643,"timeLastUsed":1734022073643,"timePasswordChanged":1734022073643,"timesUsed":1,"syncCounter":1,"everSynced":false,"encryptedUnknownFields":"MDIEEPgAAAAAAAAAAAAAAAAAAAEwFAYIKoZIhvcNAwcECOV09NiMwlw1BAheSzID0oC6SA=="},{"id":27,"hostname":"https://studiolab.sagemaker.aws","httpRealm":null,"formSubmitURL":"https://studiolab.sagemaker.aws","usernameField":"username","passwordField":"password","encryptedUsername":"MFIEEPgAAAAAAAAAAAAAAAAAAAEwFAYIKoZIhvcNAwcECI9Ge/07dyo0BChVBCyFHVRvaUZcALSIu9lv1H6lnVR+d7PCXsxrmJvXLhCGRNaAaQFd","encryptedPassword":"MDoEEPgAAAAAAAAAAAAAAAAAAAEwFAYIKoZIhvcNAwcECPWVPOo7NpJ4BBD68e3n3SwcJhB9aBiR/OR8","guid":"{9b0404b4-ab7e-4e06-925e-65d45eba4cfb}","encType":1,"timeCreated":1734022101294,"timeLastUsed":1734022101294,"timePasswordChanged":1734022101294,"timesUsed":1,"syncCounter":1,"everSynced":false,"encryptedUnknownFields":"MDIEEPgAAAAAAAAAAAAAAAAAAAEwFAYIKoZIhvcNAwcECFPp7VF9isoXBAg4Ok6Tyf57cg=="},{"id":28,"hostname":"https://studiolab.sagemaker.aws","httpRealm":null,"formSubmitURL":"https://studiolab.sagemaker.aws","usernameField":"username","passwordField":"password","encryptedUsername":"MFIEEPgAAAAAAAAAAAAAAAAAAAEwFAYIKoZIhvcNAwcECB6IyhcIJHCZBCgbrYwWVWRB8PBUNKQjAwFF9bmVHxblVxuBj6kZNS7jqZDGDSEuUTm+","encryptedPassword":"MDoEEPgAAAAAAAAAAAAAAAAAAAEwFAYIKoZIhvcNAwcECAs4Uy1XhrQaBBCb8SXv5uauo4VePRkV9MSz","guid":"{fc56c4fc-3630-48d6-ba9f-23733f75a81e}","encType":1,"timeCreated":1734022179522,"timeLastUsed":1734022179522,"timePasswordChanged":1734022179522,"timesUsed":1,"syncCounter":1,"everSynced":false,"encryptedUnknownFields":"MDIEEPgAAAAAAAAAAAAAAAAAAAEwFAYIKoZIhvcNAwcECKM/J6BA7LSqBAi6fnmlPO3Xgg=="},{"id":29,"hostname":"https://studiolab.sagemaker.aws","httpRealm":null,"formSubmitURL":"https://studiolab.sagemaker.aws","usernameField":"username","passwordField":"password","encryptedUsername":"MEoEEPgAAAAAAAAAAAAAAAAAAAEwFAYIKoZIhvcNAwcECIoAzMV4tcVEBCCvbiVJpcxX7aH/RVRgrWnBKadIt0ZXkltnBXDnmG7BxQ==","encryptedPassword":"MDoEEPgAAAAAAAAAAAAAAAAAAAEwFAYIKoZIhvcNAwcECHleIl5vIZszBBDSUxDxgeqo1WB+mRtbNJvy","guid":"{bf45cae3-5446-44e7-8914-36f33dde8da4}","encType":1,"timeCreated":1734022247837,"timeLastUsed":1734022247837,"timePasswordChanged":1734022247837,"timesUsed":1,"syncCounter":1,"everSynced":false,"encryptedUnknownFields":"MDIEEPgAAAAAAAAAAAAAAAAAAAEwFAYIKoZIhvcNAwcECB1t34Cy6baCBAjLlwqPbwd6VQ=="}],"potentiallyVulnerablePasswords":[],"dismissedBreachAlertsByLoginGUID":{},"version":3}