{"environment":{"locale":"en-GB","localeLanguageCode":"en","browserSettings":{"update":{"channel":"release","enabled":true,"autoDownload":true,"background":true}},"attributionData":{"dlsource":"mozillaci"},"currentDate":"2024-12-13T17:29:03.730Z","canCreateSelectableProfiles":null,"hasSelectableProfiles":false,"profileAgeCreated":1734018382942,"usesFirefoxSync":false,"isFxAEnabled":true,"isFxASignedIn":false,"sync":{"desktopDevices":0,"mobileDevices":0,"totalDevices":0},"xpinstallEnabled":true,"addonsInfo":{"addons":{"addons-search-detection@mozilla.com":{"version":"2.0.0","type":"extension","isSystem":false,"isWebExtension":true,"hidden":true,"isBuiltin":true,"name":"Add-ons Search Detection","userDisabled":false,"installDate":"2024-12-12T15:57:17.206Z"},"@testpilot-containers":{"version":"8.2.0","type":"extension","isSystem":false,"isWebExtension":true,"hidden":false,"isBuiltin":false,"name":"Firefox Multi-Account Containers","userDisabled":false,"installDate":"2024-12-12T15:58:24.015Z"},"formautofill@mozilla.org":{"version":"1.0.1","type":"extension","isSystem":true,"isWebExtension":true,"hidden":true,"isBuiltin":true,"name":"Form Autofill","userDisabled":false,"installDate":"2024-12-09T17:21:18.000Z"},"pictureinpicture@mozilla.org":{"version":"1.0.0","type":"extension","isSystem":true,"isWebExtension":true,"hidden":true,"isBuiltin":true,"name":"Picture-In-Picture","userDisabled":false,"installDate":"2024-12-09T17:21:18.000Z"},"webcompat@mozilla.org":{"version":"133.4.0","type":"extension","isSystem":true,"isWebExtension":true,"hidden":true,"isBuiltin":true,"name":"Web Compatibility Interventions","userDisabled":false,"installDate":"2024-12-09T17:21:18.000Z"}},"isFullData":true},"searchEngines":{"current":"google-b-d","installed":["google-b-d","bing","ddg","ebay-uk","wikipedia"]},"isDefaultBrowser":false,"isDefaultBrowserUncached":false,"devToolsOpenedCount":0,"topFrecentSites":[{"url":"https://studiolab.sagemaker.aws/login","host":"studiolab.sagemaker.aws","frecency":7600,"lastVisitDate":1734069689853},{"url":"https://muq-hastebin.glitch.me/raw/DNCiLyvtug","host":"muq-hastebin.glitch.me","frecency":2000,"lastVisitDate":1734020395285},{"url":"https://google.com","host":"google.com","frecency":100,"lastVisitDate":1734020184725},{"url":"https://whatismyipaddress.com/","host":"whatismyipaddress.com","frecency":100,"lastVisitDate":1734020164906}],"recentBookmarks":[],"pinnedSites":[],"providerCohorts":{"cfr":"","message-groups":"","messaging-experiments":"","onboarding":""},"totalBookmarksCount":4,"firefoxVersion":133,"region":"GB","needsUpdate":false,"hasPinnedTabs":false,"hasAccessedFxAPanel":false,"userPrefs":{"cfrFeatures":true,"cfrAddons":true},"totalBlockedCount":98,"blockedCountByType":{"trackerCount":0,"cookieCount":97,"cryptominerCount":0,"fingerprinterCount":1,"socialCount":0},"attachedFxAOAuthClients":[],"platformName":"win","isChinaRepack":false,"userId":"4da1be0b-7f10-4d89-a1de-0bd8b90d178c","profileRestartCount":2,"homePageSettings":{"isWebExt":false,"isCustomUrl":false,"urls":[{"url":"about:home","host":""}],"isDefault":true,"isLocked":false},"newtabSettings":{"isWebExt":false,"isCustomUrl":false,"isDefault":true,"url":"about:newtab","host":""},"activeNotifications":false,"isMajorUpgrade":false,"hasActiveEnterprisePolicies":false,"userMonthlyActivity":[[119,"2024-12-12"],[222,"2024-12-13"]],"doesAppNeedPin":false,"doesAppNeedPinUncached":false,"doesAppNeedPrivatePin":false,"launchOnLoginEnabled":false,"isMSIX":false,"isBackgroundTaskMode":false,"backgroundTaskName":null,"userPrefersReducedMotion":true,"distributionId":"","fxViewButtonAreaType":"toolbar","isDefaultHandler":{"html":false,"pdf":false},"defaultPDFHandler":{"registered":true,"knownBrowser":true},"creditCardsSaved":0,"addressesSaved":0,"hasMigratedBookmarks":false,"hasMigratedCSVPasswords":false,"hasMigratedHistory":false,"hasMigratedPasswords":false,"useEmbeddedMigrationWizard":true,"isRTAMO":false,"isDeviceMigration":false,"primaryResolution":{"width":1366,"height":728},"archBits":64,"systemArch":"x86-64","memoryMB":32297.52734375,"totalSearches":4,"isFirstStartup":false,"activeExperiments":["long-term-holdback-2024-h2-velocity-desktop"],"activeRollouts":["backgroundupdate-enable-unelevated-installations-rollout-3-release","upgrade-spotlight-rollout","launch-firefox-on-os-restart-treatment-a-rollout","phc-rollout","disable-redirects-for-authretries","encrypted-client-hello-fallback-mechanism","fx-accounts-ping-release-rollout-2","fx-view-discoverability-rollout","disable-ads-startup-cache","disabling-chips-for-v131","fox-doodle-and-tail-fox-2024-rollout","consolidated-search-configuration-row-desktop-relaunch"],"previousExperiments":[],"previousRollouts":[],"enrollments":["backgroundupdate-enable-unelevated-installations-rollout-3-release","upgrade-spotlight-rollout","launch-firefox-on-os-restart-treatment-a-rollout","phc-rollout","long-term-holdback-2024-h2-velocity-desktop","disable-redirects-for-authretries","encrypted-client-hello-fallback-mechanism","fx-accounts-ping-release-rollout-2","fx-view-discoverability-rollout","disable-ads-startup-cache","disabling-chips-for-v131","fox-doodle-and-tail-fox-2024-rollout","consolidated-search-configuration-row-desktop-relaunch"],"enrollmentsMap":{"backgroundupdate-enable-unelevated-installations-rollout-3-release":"enabled","upgrade-spotlight-rollout":"treatment","launch-firefox-on-os-restart-treatment-a-rollout":"treatment-a","phc-rollout":"rollout","long-term-holdback-2024-h2-velocity-desktop":"delivery","disable-redirects-for-authretries":"control","encrypted-client-hello-fallback-mechanism":"control","fx-accounts-ping-release-rollout-2":"control","fx-view-discoverability-rollout":"treatment-b","disable-ads-startup-cache":"control","disabling-chips-for-v131":"control","fox-doodle-and-tail-fox-2024-rollout":"treatment-a","consolidated-search-configuration-row-desktop-relaunch":"rollout"}},"version":1}